Question,Expected_Answer,Predicted_Answer,Status,Retrieved_Context
"The quantum efficiency of a photon detector is 0.1. If 100 photons are sent into the detector, one after the other, the detector will detect photons",1,3,SALAH,"EXAMPLE 6.8 
Compton Scattering 
An incident 71-pm X-ray is incident on a calcite target. Find the wavelength of the X-ray scattered at a 
 angle. 
What is the largest shift that can be expected in this experiment? 
Strategy 
To find the wavelength of the scattered X-ray, first we must find the Compton shift for the given scattering angle, 
 We use Equation 6.30. Then we add this shift to the incident wavelength to obtain the scattered 
wavelength. The largest Compton shift occurs at the angle  when 
 has the largest value, which is for the 
angle 
Solution 
The shift at 
 is 
This gives the scattered wavelength: 
The largest shift is 
Significance 
The largest shift in wavelength is detected for the backscattered radiation; however, most of the photons from the 
incident beam pass through the target and only a small fraction of photons gets backscattered (typically, less than 
5%). Therefore, these measurements require highly sensitive detectors. 
CHECK YOUR UNDERSTANDING 6.8 
An incident 71-pm X-ray is incident on a calcite target. Find the wavelength of the X-ray scattered at a 
 angle. 
What is the smallest shift that can be expected in this experiment? 
6.4 Bohr’s Model of the Hydrogen Atom 
LEARNING OBJECTIVES 
By the end of this section, you will be able to: 
• Explain the difference between the absorption spectrum and the emission spectrum of radiation emitted 
by atoms 
• Describe the Rutherford gold foil experiment and the discovery of the atomic nucleus 
• Explain the atomic structure of hydrogen 
• Describe the postulates of the early quantum theory for the hydrogen atom 
• Summarize how Bohr’s quantum model of the hydrogen atom explains the radiation spectrum of atomic 
hydrogen 
Historically, Bohr’s model of the hydrogen atom is the very first model of atomic structure that correctly explained 
the radiation spectra of atomic hydrogen. The model has a special place in the history of physics because it 
introduced an early quantum theory, which brought about new developments in scientific thought and later 
culminated in the development of quantum mechanics. To understand the specifics of Bohr’s model, we must first 
review the nineteenth-century discoveries that prompted its formulation. 
When we use a prism to analyze white light coming from the sun, several dark lines in the solar spectrum are 
observed (Figure 6.13). Solar absorption lines are called Fraunhofer lines after Joseph von Fraunhofer, who 
accurately measured their wavelengths. During 1854–1861, Gustav Kirchhoff and Robert Bunsen discovered that 
250
6 • Photons and Matter Waves
Access for free at openstax.org

---

6.3 The Compton Effect 
LEARNING OBJECTIVES 
By the end of this section, you will be able to: 
• Describe Compton’s experiment 
• Explain the Compton wavelength shift 
• Describe how experiments with X-rays confirm the particle nature of radiation 
Two of Einstein’s influential ideas introduced in 1905 were the theory of special relativity and the concept of a light 
quantum, which we now call a photon. Beyond 1905, Einstein went further to suggest that freely propagating 
electromagnetic waves consisted of photons that are particles of light in the same sense that electrons or other 
massive particles are particles of matter. A beam of monochromatic light of wavelength  (or equivalently, of 
frequency f) can be seen either as a classical wave or as a collection of photons that travel in a vacuum with one 
speed, c (the speed of light), and all carrying the same energy, 
 This idea proved useful for explaining the 
interactions of light with particles of matter. 
Momentum of a Photon 
Unlike a particle of matter that is characterized by its rest mass 
 a photon is massless. In a vacuum, unlike a 
particle of matter that may vary its speed but cannot reach the speed of light, a photon travels at only one speed, 
which is exactly the speed of light. From the point of view of Newtonian classical mechanics, these two 
characteristics imply that a photon should not exist at all. For example, how can we find the linear momentum or 
kinetic energy of a body whose mass is zero? This apparent paradox vanishes if we describe a photon as a 
relativistic particle. According to the theory of special relativity, any particle in nature obeys the relativistic energy 
equation 
This relation can also be applied to a photon. In Equation 6.17, E is the total energy of a particle, p is its linear 
momentum, and 
 is its rest mass. For a photon, we simply set 
 in this equation. This leads to the 
expression for the momentum 
 of a photon 
Here the photon’s energy 
 is the same as that of a light quantum of frequency f, which we introduced to explain 
the photoelectric effect: 
The wave relation that connects frequency f with wavelength  and speed c also holds for photons: 
Therefore, a photon can be equivalently characterized by either its energy and wavelength, or its frequency and 
momentum. Equation 6.19 and Equation 6.20 can be combined into the explicit relation between a photon’s 
momentum and its wavelength: 
Notice that this equation gives us only the magnitude of the photon’s momentum and contains no information about 
the direction in which the photon is moving. To include the direction, it is customary to write the photon’s 
momentum as a vector: 
6.17 
6.18 
6.19 
6.20 
6.21 
246
6 • Photons and Matter Waves
Access for free at openstax.org"
"White light is normally incident on a puddle of water (index of refraction 1.33). A thin (500 nm) layer of oil (index of refraction 1.5) floats on the surface of the puddle. Of the following, the most strongly reflected wavelength is",2,0,SALAH,"wavelength), given its index of refraction is 1.40? 
41 . Calculate the minimum thickness of an oil slick 
on water that appears blue when illuminated by 
white light perpendicular to its surface. Take the 
blue wavelength to be 470 nm and the index of 
refraction of oil to be 1.40. 
42 . Find the minimum thickness of a soap bubble 
that appears red when illuminated by white light 
perpendicular to its surface. Take the 
wavelength to be 680 nm, and assume the same 
index of refraction as water. 
43 . A film of soapy water (
) on top of a 
plastic cutting board has a thickness of 233 nm. 
What color is most strongly reflected if it is 
illuminated perpendicular to its surface? 
44 . What are the three smallest non-zero 
thicknesses of soapy water (
) on 
Plexiglas if it appears green (constructively 
reflecting 520-nm light) when illuminated 
perpendicularly by white light? 
45 . Suppose you have a lens system that is to be 
used primarily for 700-nm red light. What is the 
second thinnest coating of fluorite (magnesium 
fluoride) that would be nonreflective for this 
wavelength? 
46 . (a) As a soap bubble thins it becomes dark, 
because the path length difference becomes 
small compared with the wavelength of light and 
there is a phase shift at the top surface. If it 
becomes dark when the path length difference is 
less than one-fourth the wavelength, what is the 
thickest the bubble can be and appear dark at all 
visible wavelengths? Assume the same index of 
refraction as water. (b) Discuss the fragility of 
the film considering the thickness found. 
47 . To save money on making military aircraft 
invisible to radar, an inventor decides to coat 
them with a nonreflective material having an 
index of refraction of 1.20, which is between 
that of air and the surface of the plane. This, he 
reasons, should be much cheaper than 
designing Stealth bombers. (a) What thickness 
should the coating be to inhibit the reflection of 
4.00-cm wavelength radar? (b) What is 
unreasonable about this result? (c) Which 
assumptions are unreasonable or inconsistent? 
3.5 The Michelson Interferometer 
48 . A Michelson interferometer has two equal arms. 
A mercury light of wavelength 546 nm is used 
for the interferometer and stable fringes are 
found. One of the arms is moved by 
. How 
many fringes will cross the observing field? 
49 . What is the distance moved by the traveling 
mirror of a Michelson interferometer that 
corresponds to 1500 fringes passing by a point 
of the observation screen? Assume that the 
interferometer is illuminated with a 606 nm 
spectral line of krypton-86. 
50 . When the traveling mirror of a Michelson 
interferometer is moved 
, 90 
fringes pass by a point on the observation 
screen. What is the wavelength of the light used? 
51 . In a Michelson interferometer, light of 
wavelength 632.8 nm from a He-Ne laser is 
used. When one of the mirrors is moved by a 
distance D, 8 fringes move past the field of view. 
What is the value of the distance D? 
52 . A chamber 5.0 cm long with flat, parallel windows at 
the ends is placed in one arm of a Michelson 
interferometer (see below). The light used has a 
wavelength of 500 nm in a vacuum. While all the air 
is being pumped out of the chamber, 29 fringes pass 
by a point on the observation screen. What is the 
refractive index of the air? 
Additional Problems 
53 . For 600-nm wavelength light and a slit 
separation of 0.12 mm, what are the angular 
positions of the first and third maxima in the 
double slit interference pattern? 
54 . If the light source in the preceding problem is 
changed, the angular position of the third 
maximum is found to be 
. What is the 
wavelength of light being used now? 
3 • Chapter Review     131

---

Material 
Index of Refraction 
Water"
Which of the following is true about any system that undergoes a reversible thermodynamic process?,2,2,BENAR,"Change of entropy of a closed system under an irreversible process 
Change in entropy of the system along an isotherm 
Summary 
4.1 Reversible and Irreversible Processes 
• A reversible process is one in which both the 
system and its environment can return to exactly 
the states they were in by following the reverse 
path. 
• An irreversible process is one in which the 
system and its environment cannot return 
together to exactly the states that they were in. 
• The irreversibility of any natural process results 
from the second law of thermodynamics. 
4.2 Heat Engines 
• The work done by a heat engine is the difference 
between the heat absorbed from the hot 
reservoir and the heat discharged to the cold 
reservoir, that is, 
• The ratio of the work done by the engine and the 
heat absorbed from the hot reservoir provides 
the efficiency of the engine, that is, 
4.3 Refrigerators and Heat Pumps 
• A refrigerator or a heat pump is a heat engine run 
in reverse. 
• The focus of a refrigerator is on removing heat 
from the cold reservoir with a coefficient of 
performance 
• The focus of a heat pump is on dumping heat to 
the hot reservoir with a coefficient of 
performance 
4.4 Statements of the Second Law of 
Thermodynamics 
• The Kelvin statement of the second law of 
thermodynamics: It is impossible to convert the 
heat from a single source into work without any 
other effect. 
• The Kelvin statement and Clausius statement of 
the second law of thermodynamics are 
equivalent. 
4.5 The Carnot Cycle 
• The Carnot cycle is the most efficient engine for a 
reversible cycle designed between two 
reservoirs. 
• The Carnot principle is another way of stating the 
second law of thermodynamics.

---

the system and the work done by the system over the cycle: 
Thermodynamic processes are also distinguished by whether or not they are reversible. A reversible process is one 
that can be made to retrace its path by differential changes in the environment. Such a process must therefore also 
be quasi-static. Note, however, that a quasi-static process is not necessarily reversible, since there may be 
dissipative forces involved. For example, if friction occurred between the piston and the walls of the cylinder 
containing the gas, the energy lost to friction would prevent us from reproducing the original states of the system. 
We considered several thermodynamic processes: 
1. An isothermal process, during which the system’s temperature remains constant 
2. An adiabatic process, during which no heat is transferred to or from the system 
3. An isobaric process, during which the system’s pressure does not change 
4. An isochoric process, during which the system’s volume does not change 
Many other processes also occur that do not fit into any of these four categories. 
INTERACTIVE 
View this site (https://openstax.org/l/21idegaspvdiag) to set up your own process in a pV diagram. See if you can 
calculate the values predicted by the simulation for heat, work, and change in internal energy. 
3.5 Heat Capacities of an Ideal Gas 
LEARNING OBJECTIVES 
By the end of this section, you will be able to: 
• Define heat capacity of an ideal gas for a specific process 
• Calculate the specific heat of an ideal gas for either an isobaric or isochoric process 
• Explain the difference between the heat capacities of an ideal gas and a real gas 
• Estimate the change in specific heat of a gas over temperature ranges 
We learned about specific heat and molar heat capacity in Temperature and Heat; however, we have not considered 
a process in which heat is added. We do that in this section. First, we examine a process where the system has a 
constant volume, then contrast it with a system at constant pressure and show how their specific heats are related. 
Let’s start with looking at Figure 3.12, which shows two vessels A and B, each containing the same type of ideal gas 
at a temperature T and a volume V. The only difference between the two vessels is that the piston at the top of A is 
fixed, whereas the one at the top of B is free to move against a constant external pressure p. We now consider what 
happens when the temperature of the gas in each vessel is slowly increased to 
 with the addition of heat. 
FIGURE 3.12 Two vessels are identical except that the piston at the top of A is fixed, whereas that atop B is free to move against a constant 
external pressure p. 
Since the piston of vessel A is fixed, the volume of the enclosed gas does not change. Consequently, the gas does no 
work, and we have from the first law 
3.5 • Heat Capacities of an Ideal Gas
119"
The best type of laser with which to do spectroscopy over a range of visible wavelengths is,0,0,BENAR,"1.923 
TABLE 1.1 Index of Refraction in Various 
Media For light with a wavelength of 589 
nm in a vacuum 
8
1 • The Nature of Light
Access for free at openstax.org

---

(angles between rays as close to 
 as possible) instead spreads out at an angle 
, where D is the 
diameter of the beam and  is its wavelength. This spreading is impossible to observe for a flashlight because its 
beam is not very parallel to start with. However, for long-distance transmission of laser beams or microwave signals, 
diffraction spreading can be significant (Figure 4.21). To avoid this, we can increase D. This is done for laser light 
sent to the moon to measure its distance from Earth. The laser beam is expanded through a telescope to make D 
much larger and  smaller. 
FIGURE 4.21 The beam produced by this microwave transmission antenna spreads out at a minimum angle 
 due to diffraction. 
It is impossible to produce a near-parallel beam because the beam has a limited diameter. 
In most biology laboratories, resolution is an issue when the use of the microscope is introduced. The smaller the 
distance x by which two objects can be separated and still be seen as distinct, the greater the resolution. The 
resolving power of a lens is defined as that distance x. An expression for resolving power is obtained from the 
Rayleigh criterion. Figure 4.22(a) shows two point objects separated by a distance x. According to the Rayleigh 
criterion, resolution is possible when the minimum angular separation is 
where d is the distance between the specimen and the objective lens, and we have used the small angle 
approximation (i.e., we have assumed that x is much smaller than d), so that 
 Therefore, the 
resolving power is 
Another way to look at this is by the concept of numerical aperture (NA), which is a measure of the maximum 
acceptance angle at which a lens will take light and still contain it within the lens. Figure 4.22(b) shows a lens and 
an object at point P. The NA here is a measure of the ability of the lens to gather light and resolve fine detail. The 
angle subtended by the lens at its focus is defined to be 
. From the figure and again using the small angle 
approximation, we can write 
The NA for a lens is 
, where n is the index of refraction of the medium between the objective lens and 
the object at point P. From this definition for NA, we can see that 
It is much more common to find the formula 
(without the refractive index in the nominator). The 
difference is due to the wavelength being shortened by a factor of n in a medium with a refractive index, so if ʎ is the 
wavelength in air, the factors of n cancel. 
In a microscope, NA is important because it relates to the resolving power of a lens. A lens with a large NA is able to 
resolve finer details. Lenses with larger NA are also able to collect more light and so give a brighter image. Another 
156
4 • Diffraction
Access for free at openstax.org"
Excited states of the helium atom can be characterized as para- (antiparallel electron spins) and ortho- (parallel electron spins). The observation that an ortho- state has lower energy than the corresponding para- state can be understood in terms of which of the following?,1,3,SALAH,"Significance 
We can analyze any spectral line in the spectrum of hydrogen in the same way. Thus, the experimental 
measurements of spectral lines provide us with information about the atomic structure of the hydrogen atom. 
CHECK YOUR UNDERSTANDING 6.10 
When an electron in a hydrogen atom is in the first excited state, what prediction does the Bohr model give about its 
orbital speed and kinetic energy? What is the magnitude of its orbital angular momentum? 
Bohr’s model of the hydrogen atom also correctly predicts the spectra of some hydrogen-like ions. Hydrogen-like 
ions are atoms of elements with an atomic number Z larger than one (
 for hydrogen) but with all electrons 
removed except one. For example, an electrically neutral helium atom has an atomic number 
 This means it 
has two electrons orbiting the nucleus with a charge of 
 When one of the orbiting electrons is removed 
from the helium atom (we say, when the helium atom is singly ionized), what remains is a hydrogen-like atomic 
structure where the remaining electron orbits the nucleus with a charge of 
 This type of situation is 
described by the Bohr model. Assuming that the charge of the nucleus is not 
 but 
 we can repeat all steps, 
beginning with Equation 6.36, to obtain the results for a hydrogen-like ion: 
where 
 is the Bohr orbit of hydrogen, and 
where 
 is the ionization limit of a hydrogen atom. These equations are good approximations as long as the atomic 
number Z is not too large. 
The Bohr model is important because it was the first model to postulate the quantization of electron orbits in atoms. 
Thus, it represents an early quantum theory that gave a start to developing modern quantum theory. It introduced 
the concept of a quantum number to describe atomic states. The limitation of the early quantum theory is that it 
cannot describe atoms in which the number of electrons orbiting the nucleus is larger than one. The Bohr model of 
hydrogen is a semi-classical model because it combines the classical concept of electron orbits with the new 
concept of quantization. The remarkable success of this model prompted many physicists to seek an explanation for 
why such a model should work at all, and to seek an understanding of the physics behind the postulates of early 
quantum theory. This search brought about the onset of an entirely new concept of “matter waves.” 
6.5 De Broglie’s Matter Waves 
LEARNING OBJECTIVES 
By the end of this section, you will be able to: 
• Describe de Broglie’s hypothesis of matter waves 
• Explain how the de Broglie’s hypothesis gives the rationale for the quantization of angular momentum in 
Bohr’s quantum theory of the hydrogen atom 
• Describe the Davisson–Germer experiment 
• Interpret de Broglie’s idea of matter waves and how they account for electron diffraction phenomena 
Compton’s formula established that an electromagnetic wave can behave like a particle of light when interacting 
with matter. In 1924, Louis de Broglie proposed a new speculative hypothesis that electrons and other particles of 
matter can behave like waves. Today, this idea is known as de Broglie’s hypothesis of matter waves. In 1926, De 
Broglie’s hypothesis, together with Bohr’s early quantum theory, led to the development of a new theory of wave 
quantum mechanics to describe the physics of atoms and subatomic particles. Quantum mechanics has paved the 
way for new engineering inventions and technologies, such as the laser and magnetic resonance imaging (MRI). 
6.51 
6.52 
6.5 • De Broglie’s Matter Waves
259

---

The total energy of the electron is the sum of Equation 6.41 and Equation 6.42: 
Note that the energy depends only on the index n because the remaining symbols in Equation 6.43 are physical 
constants. The value of the constant factor in Equation 6.43 is 
It is convenient to express the electron’s energy in the nth orbit in terms of this energy, as 
Now we can see that the electron energies in the hydrogen atom are quantized because they can have only discrete 
values of 
 given by Equation 6.45, and no other energy values are allowed. This 
set of allowed electron energies is called the energy spectrum of hydrogen (Figure 6.17). The index n that 
enumerates energy levels in Bohr’s model is called the energy quantum number. We identify the energy of the 
electron inside the hydrogen atom with the energy of the hydrogen atom. Note that the smallest value of energy is 
obtained for 
 so the hydrogen atom cannot have energy smaller than that. This smallest value of the electron 
energy in the hydrogen atom is called the ground state energy of the hydrogen atom and its value is 
The hydrogen atom may have other energies that are higher than the ground state. These higher energy states are 
known as excited energy states of a hydrogen atom. 
There is only one ground state, but there are infinitely many excited states because there are infinitely many values 
of n in Equation 6.45. We say that the electron is in the “first exited state” when its energy is 
 (when 
), the 
second excited state when its energy is 
 (when 
) and, in general, in the nth exited state when its energy is 
 There is no highest-of-all excited state; however, there is a limit to the sequence of excited states. If we keep 
increasing n in Equation 6.45, we find that the limit is 
∞
 In this limit, the electron is no longer 
bound to the nucleus but becomes a free electron. An electron remains bound in the hydrogen atom as long as its 
energy is negative. An electron that orbits the nucleus in the first Bohr orbit, closest to the nucleus, is in the ground 
state, where its energy has the smallest value. In the ground state, the electron is most strongly bound to the 
nucleus and its energy is given by Equation 6.46. If we want to remove this electron from the atom, we must supply 
it with enough energy, ∞ to at least balance out its ground state energy 
The energy that is needed to remove the electron from the atom is called the ionization energy. The ionization 
energy ∞ that is needed to remove the electron from the first Bohr orbit is called the ionization limit of the 
hydrogen atom. The ionization limit in Equation 6.47 that we obtain in Bohr’s model agrees with experimental 
value. 
ℏ
6.43 
ℏ
6.44 
6.45 
6.46 
∞
∞
6.47 
256
6 • Photons and Matter Waves
Access for free at openstax.org"
Which of the following gives the total spin quantum number of the electrons in the ground state of neutral nitrogen (Z = 7)?,2,2,BENAR,"8.2 Orbital Magnetic Dipole Moment of the Electron 
347 
8.3 Electron Spin 
351 
8.4 The Exclusion Principle and the Periodic Table 
355 
8.5 Atomic Spectra and X-rays 
361

---

78.0 
Ammonia 
405.5 
132.4 
111.7 
Carbon dioxide 
304.2 
31.1 
73.2 
Oxygen 
154.8 
–118.4 
50.3 
Nitrogen 
126.2 
–146.9 
33.6 
Hydrogen 
33.3 
–239.9 
12.9 
Helium"
"Consider three identical, ideal capacitors. The first capacitor is charged to a voltage and then disconnected from the battery. The other two capacitors, initially uncharged and connected in series, are then connected across the first capacitor. What is the final voltage on the first capacitor?",3,1,SALAH,"149 


4.7 Entropy on a Microscopic Scale 
154 
Chapter Review 
159 
UNIT 2 ELECTRICITY AND MAGNETISM 
CHAPTER 5 
Electric Charges and Fields 
169 
Introduction 
169 
5.1 Electric Charge 
170 
5.2 Conductors, Insulators, and Charging by Induction 
175 
5.3 Coulomb's Law 
179 
5.4 Electric Field 
184 
5.5 Calculating Electric Fields of Charge Distributions 
190 
5.6 Electric Field Lines 
198 
5.7 Electric Dipoles 
202 
Chapter Review 
205 
CHAPTER 6 
Gauss's Law 
219 
Introduction 
219 
6.1 Electric Flux 
220 
6.2 Explaining Gauss’s Law 
228 
6.3 Applying Gauss’s Law 
234 
6.4 Conductors in Electrostatic Equilibrium 
246 
Chapter Review 
255 
CHAPTER 7 
Electric Potential 
267 
Introduction 
267 
7.1 Electric Potential Energy 
268 
7.2 Electric Potential and Potential Difference 
274 
7.3 Calculations of Electric Potential 
285 
7.4 Determining Field from Potential 
296 
7.5 Equipotential Surfaces and Conductors 
299 
7.6 Applications of Electrostatics 
307 
Chapter Review 
312 
CHAPTER 8 
Capacitance 
323 
Introduction 
323 
8.1 Capacitors and Capacitance 
323 
8.2 Capacitors in Series and in Parallel 
333 
8.3 Energy Stored in a Capacitor 
339 
8.4 Capacitor with a Dielectric 
342 
8.5 Molecular Model of a Dielectric 
345 
Chapter Review 
352 
Access for free at openstax.org


CHAPTER 9 
Current and Resistance 
361 
Introduction 
361 
9.1 Electrical Current 
362 
9.2 Model of Conduction in Metals 
366 
9.3 Resistivity and Resistance 
371 
9.4 Ohm's Law 
380 
9.5 Electrical Energy and Power 
384

---

149 


4.7 Entropy on a Microscopic Scale 
154 
Chapter Review 
159 
UNIT 2 ELECTRICITY AND MAGNETISM 
CHAPTER 5 
Electric Charges and Fields 
169 
Introduction 
169 
5.1 Electric Charge 
170 
5.2 Conductors, Insulators, and Charging by Induction 
175 
5.3 Coulomb's Law 
179 
5.4 Electric Field 
184 
5.5 Calculating Electric Fields of Charge Distributions 
190 
5.6 Electric Field Lines 
198 
5.7 Electric Dipoles 
202 
Chapter Review 
205 
CHAPTER 6 
Gauss's Law 
219 
Introduction 
219 
6.1 Electric Flux 
220 
6.2 Explaining Gauss’s Law 
228 
6.3 Applying Gauss’s Law 
234 
6.4 Conductors in Electrostatic Equilibrium 
246 
Chapter Review 
255 
CHAPTER 7 
Electric Potential 
267 
Introduction 
267 
7.1 Electric Potential Energy 
268 
7.2 Electric Potential and Potential Difference 
274 
7.3 Calculations of Electric Potential 
285 
7.4 Determining Field from Potential 
296 
7.5 Equipotential Surfaces and Conductors 
299 
7.6 Applications of Electrostatics 
307 
Chapter Review 
312 
CHAPTER 8 
Capacitance 
323 
Introduction 
323 
8.1 Capacitors and Capacitance 
323 
8.2 Capacitors in Series and in Parallel 
333 
8.3 Energy Stored in a Capacitor 
339 
8.4 Capacitor with a Dielectric 
342 
8.5 Molecular Model of a Dielectric 
345 
Chapter Review 
352 
Access for free at openstax.org


CHAPTER 9 
Current and Resistance 
361 
Introduction 
361 
9.1 Electrical Current 
362 
9.2 Model of Conduction in Metals 
366 
9.3 Resistivity and Resistance 
371 
9.4 Ohm's Law 
380 
9.5 Electrical Energy and Power 
384"
"Protons used in cancer therapy are typically accelerated to about 0.6c. How much work must be done on a particle of mass m in order for it to reach this speed, assuming it starts at rest?",0,1,SALAH,"entirely new particles. In the Large Hadron Collider in Figure 5.27, charged particles are accelerated before entering 
the ring-like structure. There, two beams of particles are accelerated to their final speed of about 99.7% the speed 
of light in opposite directions, and made to collide, producing totally new species of particles. Most of what we know 
about the substructure of matter and the collection of exotic short-lived particles in nature has been learned this 
way. Patterns in the characteristics of these previously unknown particles hint at a basic substructure for all matter. 
These particles and some of their characteristics will be discussed in a later chapter on particle physics. 
FIGURE 5.27 The European Organization for Nuclear Research (called CERN after its French name) operates the largest particle accelerator 
in the world, straddling the border between France and Switzerland. (credit: modification of work by NASA) 
Total Relativistic Energy 
The expression for kinetic energy can be rearranged to: 
Einstein argued in a separate article, also later published in 1905, that if the energy of a particle changes by 
 its 
mass changes by 
 Abundant experimental evidence since then confirms that 
 corresponds to the 
energy that the particle of mass m has when at rest. For example, when a neutral pion of mass m at rest decays into 
two photons, the photons have zero mass but are observed to have total energy corresponding to 
 for the pion. 
Similarly, when a particle of mass m decays into two or more particles with smaller total mass, the observed kinetic 
energy imparted to the products of the decay corresponds to the decrease in mass. Thus, E is the total relativistic 
energy of the particle, and 
 is its rest energy. 
TOTAL ENERGY 
Total energy E of a particle is 
where m is mass, c is the speed of light, 
 and u is the velocity of the mass relative to an observer. 
5.9 
REST ENERGY 
Rest energy of an object is 
5.9 • Relativistic Energy
215

---

106 . A bullet shot from a rifle has mass of 10.0 g and 
travels to the right at 350 m/s. It strikes a target, 
a large bag of sand, penetrating it a distance of 
34.0 cm. Find the magnitude and direction of the 
retarding force that slows and stops the bullet. 
107 . An object is acted on by three simultaneous 
forces: 
, 
, and 
. The object 
experiences acceleration of 
. (a) Find 
the acceleration vector in terms of m. (b) Find 
the mass of the object. (c) If the object begins 
from rest, find its speed after 5.00 s. (d) Find the 
components of the velocity of the object after 
5.00 s. 
108 . In a particle accelerator, a proton has mass 
 and an initial speed of 
 It moves in a straight line, and 
its speed increases to 
 in a 
distance of 10.0 cm. Assume that the 
acceleration is constant. Find the magnitude of 
the force exerted on the proton. 
109 . A drone is being directed across a frictionless 
ice-covered lake. The mass of the drone is 1.50 
kg, and its velocity is 
. After 10.0 s, the 
velocity is 
. If a constant force 
in the horizontal direction is causing this change 
in motion, find (a) the components of the force 
and (b) the magnitude of the force. 
5 • Chapter Review     247"
De Broglie hypothesized that the linear momentum and wavelength of a free massive particle are related by which of the following constants?,0,0,BENAR,"These new technologies drive discoveries in other sciences such as biology and chemistry. 
According to de Broglie’s hypothesis, massless photons as well as massive particles must satisfy one common set of 
relations that connect the energy E with the frequency f, and the linear momentum p with the wavelength 
 We 
have discussed these relations for photons in the context of Compton’s effect. We are recalling them now in a more 
general context. Any particle that has energy and momentum is a de Broglie wave of frequency f and wavelength 
Here, E and p are, respectively, the relativistic energy and the momentum of a particle. De Broglie’s relations are 
usually expressed in terms of the wave vector 
 
 and the wave frequency 
 as we usually do for 
waves: 
Wave theory tells us that a wave carries its energy with the group velocity. For matter waves, this group velocity is 
the velocity u of the particle. Identifying the energy E and momentum p of a particle with its relativistic energy 
and its relativistic momentum mu, respectively, it follows from de Broglie relations that matter waves satisfy the 
following relation: 
where 
 When a particle is massless we have 
 and Equation 6.57 becomes 
EXAMPLE 6.11 
How Long Are de Broglie Matter Waves? 
Calculate the de Broglie wavelength of: (a) a 0.65-kg basketball thrown at a speed of 10 m/s, (b) a nonrelativistic 
electron with a kinetic energy of 1.0 eV, and (c) a relativistic electron with a kinetic energy of 
Strategy 
We use Equation 6.57 to find the de Broglie wavelength. When the problem involves a nonrelativistic object moving 
with a nonrelativistic speed u, such as in (a) when 
 we use nonrelativistic momentum p. When the 
nonrelativistic approximation cannot be used, such as in (c), we must use the relativistic momentum 
 where the rest mass energy of a particle is 
 and  is the Lorentz factor 
 The total energy E of a particle is given by Equation 6.53 and the kinetic energy is 
 When the kinetic energy is known, we can invert Equation 6.18 to find the momentum 
 and substitute in Equation 6.57 to obtain 
Depending on the problem at hand, in this equation we can use the following values for hc: 
6.53 
6.54 
ℏ
6.55 
ℏ
6.56 
ℏ
ℏ
6.57 
6.58 
260
6 • Photons and Matter Waves
Access for free at openstax.org

---

104 . (a) Which line in the Balmer series is the first one 
in the UV part of the spectrum? (b) How many 
Balmer lines lie in the visible part of the 
spectrum? (c) How many Balmer lines lie in the 
UV? 
105 . A 
 emission line of atomic hydrogen 
corresponds to transition between the states 
 and 
 Find 
6.5 De Broglie’s Matter Waves 
106 . At what velocity will an electron have a 
wavelength of 1.00 m? 
107 . What is the de Broglie wavelength of an electron 
travelling at a speed of 
 ? 
108 . What is the de Broglie wavelength of an electron 
that is accelerated from rest through a potential 
difference of 20 kV? 
109 . What is the de Broglie wavelength of a proton 
whose kinetic energy is 2.0 MeV? 10.0 MeV? 
110 . What is the de Broglie wavelength of a young 
cheetah running at a speed of 8.0 m/s? 
111 . (a) What is the energy of an electron whose de 
Broglie wavelength is that of a photon of yellow 
light with wavelength 590 nm? (b) What is the de 
Broglie wavelength of an electron whose energy 
is that of the photon of yellow light? 
112 . The de Broglie wavelength of a neutron is 0.01 
nm. What is the speed and energy of this 
neutron? 
113 . What is the wavelength of an electron that is 
moving at a 3% of the speed of light? 
114 . At what velocity does a proton have a 6.0-fm 
wavelength (about the size of a nucleus)? Give 
your answer in units of c. 
115 . What is the velocity of a 0.400-kg billiard ball if 
its wavelength is 7.50 fm? 
116 . Find the wavelength of a proton that is moving at 
1.00% of the speed of light (when 
6.6 Wave-Particle Duality 
117 . An AM radio transmitter radiates 500 kW at a 
frequency of 760 kHz. How many photons per 
second does the emitter emit? 
118 . Find the Lorentz factor  and de Broglie’s 
wavelength for a 50-GeV electron in a particle 
accelerator. 
119 . Find the Lorentz factor  and de Broglie’s 
wavelength for a 1.0-TeV proton in a particle 
accelerator. 
120 . What is the kinetic energy of a 0.01-nm electron 
in a TEM? 
121 . If electron is to be diffracted significantly by a 
crystal, its wavelength must be about equal to 
the spacing, d, of crystalline planes. Assuming 
 estimate the potential difference 
through which an electron must be accelerated 
from rest if it is to be diffracted by these planes. 
122 . X-rays form ionizing radiation that is dangerous 
to living tissue and undetectable to the human 
eye. Suppose that a student researcher working 
in an X-ray diffraction laboratory is accidentally 
exposed to a fatal dose of radiation. Calculate 
the temperature increase of the researcher 
under the following conditions: the energy of X-
ray photons is 200 keV and the researcher 
absorbs 
 photons per each kilogram of 
body weight during the exposure. Assume that 
the specific heat of the student’s body is 
123 . Solar wind (radiation) that is incident on the top 
of Earth’s atmosphere has an average intensity 
of 
 Suppose that you are building a 
solar sail that is to propel a small toy spaceship 
with a mass of 0.1 kg in the space between the 
International Space Station and the moon. The 
sail is made from a very light material, which 
perfectly reflects the incident radiation. To 
assess whether such a project is feasible, 
answer the following questions, assuming that 
radiation photons are incident only in normal 
direction to the sail reflecting surface. (a) What 
is the radiation pressure (force per 
) of the 
radiation falling on the mirror-like sail? (b) Given 
the radiation pressure computed in (a), what will 
be the acceleration of the spaceship when the 
sail has of an area of 
 ? (c) Given the 
acceleration estimate in (b), how fast will the 
spaceship be moving after 24 hours when it 
starts from rest? 
124 . Treat the human body as a blackbody and 
determine the percentage increase in the total 
power of its radiation when its temperature 
increases from 98.6  F to 103  F. 
125 . Show that Wien’s displacement law results from 
Planck’s radiation law. (Hint: substitute 
 and write Planck’s law in the form 
280     6 • Chapter Review
Access for free at openstax.org"
"If the total energy of a particle of mass m is equal to twice its rest energy, then the magnitude of the particle’s relativistic momentum is",3,2,SALAH,"between relativistic energy and relativistic momentum is more complicated than the classical version, but we can 
gain some interesting new insights by examining it. First, total energy is related to momentum and rest mass. At 
rest, momentum is zero, and the equation gives the total energy to be the rest energy 
 (so this equation is 
consistent with the discussion of rest energy above). However, as the mass is accelerated, its momentum p 
increases, thus increasing the total energy. At sufficiently high velocities, the rest energy term 
 becomes 
negligible compared with the momentum term 
 thus, 
 at extremely relativistic velocities. 
If we consider momentum p to be distinct from mass, we can determine the implications of the equation 
 for a particle that has no mass. If we take m to be zero in this equation, then 
 Massless particles have this momentum. There are several massless particles found in nature, 
including photons (which are packets of electromagnetic radiation). Another implication is that a massless particle 
must travel at speed c and only at speed c. It is beyond the scope of this text to examine the relationship in the 
equation 
 in detail, but you can see that the relationship has important implications in special 
relativity. 
CHECK YOUR UNDERSTANDING 5.9 
What is the kinetic energy of an electron if its speed is 0.992c? 
5.9 • Relativistic Energy
219

---

Note that we use u for velocity here to distinguish it from relative velocity v between observers. The factor  that 
occurs here has the same form as the previous relativistic factor  except that it is now in terms of the velocity of the 
particle u instead of the relative velocity v of two frames of reference. 
With p expressed in this way, total momentum 
 is conserved whenever the net external force is zero, just as in 
classical physics. Again we see that the relativistic quantity becomes virtually the same as the classical quantity at 
low velocities, where u/c is small and  is very nearly equal to 1. Relativistic momentum has the same intuitive role 
as classical momentum. It is greatest for large masses moving at high velocities, but because of the factor 
relativistic momentum approaches infinity as u approaches c (Figure 5.24). This is another indication that an object 
with mass cannot reach the speed of light. If it did, its momentum would become infinite—an unreasonable value. 
FIGURE 5.24 Relativistic momentum approaches infinity as the velocity of an object approaches the speed of light. 
The relativistically correct definition of momentum as 
 is sometimes taken to imply that mass varies with 
velocity: 
 particularly in older textbooks. However, note that m is the mass of the object as measured by 
a person at rest relative to the object. Thus, m is defined to be the rest mass, which could be measured at rest, 
perhaps using gravity. When a mass is moving relative to an observer, the only way that its mass can be determined 
is through collisions or other means involving momentum. Because the mass of a moving object cannot be 
determined independently of momentum, the only meaningful mass is rest mass. Therefore, when we use the term 
“mass,” assume it to be identical to “rest mass.” 
Relativistic momentum is defined in such a way that conservation of momentum holds in all inertial frames. 
Whenever the net external force on a system is zero, relativistic momentum is conserved, just as is the case for 
classical momentum. This has been verified in numerous experiments. 
CHECK YOUR UNDERSTANDING 5.8 
What is the momentum of an electron traveling at a speed 0.985c? The rest mass of the electron is 
where m is the rest mass of the object,  is its velocity relative to an observer, and γ is the relativistic factor: 
5.7 
210
5 • Relativity
Access for free at openstax.org"
"In the diamond structure of elemental carbon, the nearest neighbors of each C atom lie at the corners of a",3,3,BENAR,"EXAMPLE 5.3 
The E-Field of an Atom 
In an ionized helium atom, the most probable distance between the nucleus and the electron is 
. What is the electric field due to the nucleus at the location of the electron? 
Strategy 
Note that although the electron is mentioned, it is not used in any calculation. The problem asks for an electric field, 
not a force; hence, there is only one charge involved, and the problem specifically asks for the field due to the 
nucleus. Thus, the electron is a red herring; only its distance matters. Also, since the distance between the two 
protons in the nucleus is much, much smaller than the distance of the electron from the nucleus, we can treat the 
two protons as a single charge +2e (Figure 5.19). 
FIGURE 5.19 A schematic representation of a helium atom. Again, helium physically looks nothing like this, but this sort of diagram is 
helpful for calculating the electric field of the nucleus. 
Solution 
The electric field is calculated by 
Since there is only one source charge (the nucleus), this expression simplifies to 
Here 
 (since there are two protons) and r is given; substituting gives 
The direction of  is radially away from the nucleus in all directions. Why? Because a positive test charge placed in 
this field would accelerate radially away from the nucleus (since it is also positively charged), and again, the 
convention is that the direction of the electric field vector is defined in terms of the direction of the force it would 
apply to positive test charges. 
5.4 • Electric Field
187

---

neutrons, surrounded by a collection of electrons whose combined motion formed a sort of negatively charged 
“cloud” around the nucleus (Figure 5.8). In an electrically neutral atom, the total negative charge of the collection of 
electrons is equal to the total positive charge in the nucleus. The very low-mass electrons can be more or less easily 
removed or added to an atom, changing the net charge on the atom (though without changing its type). An atom that 
has had the charge altered in this way is called an ion. Positive ions have had electrons removed, whereas negative 
ions have had excess electrons added. We also use this term to describe molecules that are not electrically neutral. 
FIGURE 5.8 The nucleus of a carbon atom is composed of six protons and six neutrons. As in hydrogen, the surrounding six electrons do not 
have definite locations and so can be considered to be a sort of cloud surrounding the nucleus. 
The story of the atom does not stop there, however. In the latter part of the twentieth century, many more 
subatomic particles were discovered in the nucleus of the atom: pions, neutrinos, and quarks, among others. With 
the exception of the photon, none of these particles are directly relevant to the study of electromagnetism, so we 
defer further discussion of them until the chapter on particle physics (Particle Physics and Cosmology 
(http://openstax.org/books/university-physics-volume-3/pages/11-introduction)). 
A Note on Terminology 
As noted previously, electric charge is a property that an object can have. This is similar to how an object can have a 
property that we call mass, a property that we call density, a property that we call temperature, and so on. 
Technically, we should always say something like, “Suppose we have a particle that carries a charge of 
” 
However, it is very common to say instead, “Suppose we have a 
 charge.” Similarly, we often say something 
like, “Six charges are located at the vertices of a regular hexagon.” A charge is not a particle; rather, it is a property of 
a particle. Nevertheless, this terminology is extremely common (and is frequently used in this book, as it is 
everywhere else). So, keep in the back of your mind what we really mean when we refer to a “charge.” 
5.2 Conductors, Insulators, and Charging by Induction 
LEARNING OBJECTIVES 
By the end of this section, you will be able to: 
• Explain what a conductor is 
• Explain what an insulator is 
• List the differences and similarities between conductors and insulators 
• Describe the process of charging by induction 
In the preceding section, we said that scientists were able to create electric charge only on nonmetallic materials 
and never on metals. To understand why this is the case, you have to understand more about the nature and 
structure of atoms. In this section, we discuss how and why electric charges do—or do not—move through materials 
(Figure 5.9). A more complete description is given in a later chapter. 
5.2 • Conductors, Insulators, and Charging by Induction
175"
The coefficient of static friction between a small coin and the surface of a turntable is 0.30. The turntable rotates at 33.3 revolutions per minute. What is the maximum distance from the center of the turntable at which the coin will not slide?,3,2,SALAH,"FIGURE 6.20 The frictional force supplies the centripetal force and is numerically equal to it. Centripetal force is perpendicular to velocity 
and causes uniform circular motion. The larger the 
 the smaller the radius of curvature r and the sharper the curve. The second curve 
has the same v, but a larger 
 produces a smaller r′. 
EXAMPLE 6.15 
What Coefficient of Friction Do Cars Need on a Flat Curve? 
(a) Calculate the centripetal force exerted on a 900.0-kg car that negotiates a 500.0-m radius curve at 25.00 m/s. 
(b) Assuming an unbanked curve, find the minimum static coefficient of friction between the tires and the road, 
static friction being the reason that keeps the car from slipping (Figure 6.21). 
FIGURE 6.21 This car on level ground is moving away and turning to the left. The centripetal force causing the car to turn in a circular path 
is due to friction between the tires and the road. A minimum coefficient of friction is needed, or the car will move in a larger-radius curve 
and leave the roadway. 
6.3 • Centripetal Force
277

---

6.2 Friction"
The sign of the charge carriers in a doped semiconductor can be deduced by measuring which of the following properties?,3,3,BENAR,"volume charge density  amount of charge in an 
element of a three-dimensional charge distribution; 
its units are 
Key Equations 
Coulomb’s law 
Superposition of electric forces 
Electric force due to an electric field 
Electric field at point P 
Field of an infinite wire 
Field of an infinite plane 
Dipole moment 
Torque on dipole in external E-field 
Summary 
5.1 Electric Charge 
• There are only two types of charge, which we call 
positive and negative. Like charges repel, unlike 
charges attract, and the force between charges 
decreases with the square of the distance. 
• The vast majority of positive charge in nature is 
carried by protons, whereas the vast majority of 
negative charge is carried by electrons. The 
electric charge of one electron is equal in 
magnitude and opposite in sign to the charge of 
one proton. 
• An ion is an atom or molecule that has nonzero 
total charge due to having unequal numbers of 
electrons and protons. 
• The SI unit for charge is the coulomb (C), with 
protons and electrons having charges of opposite 
sign but equal magnitude; the magnitude of this 
basic charge is 
• Both positive and negative charges exist in 
neutral objects and can be separated by bringing 
the two objects into physical contact; rubbing the 
objects together can remove electrons from the 
bonds in one object and place them on the other 
object, increasing the charge separation. 
• For macroscopic objects, negatively charged 
means an excess of electrons and positively 
charged means a depletion of electrons. 
• The law of conservation of charge states that the 
net charge of a closed system is constant. 
5.2 Conductors, Insulators, and Charging by 
Induction 
• A conductor is a substance that allows charge to 
flow freely through its atomic structure. 
• An insulator holds charge fixed in place. 
• Polarization is the separation of positive and 
negative charges in a neutral object. Polarized 
objects have their positive and negative charges 
concentrated in different areas, giving them a 
charge distribution. 
5.3 Coulomb's Law 
• Coulomb’s law gives the magnitude of the force 
vector between point charges. It is 
where 
 and 
 are two point charges separated 
by a distance r. This Coulomb force is extremely 
basic, since most charges are due to point-like 
particles. It is responsible for all electrostatic 
effects and underlies most macroscopic forces. 
5.4 Electric Field 
• The electric field is an alteration of space caused 
by the presence of an electric charge. The 
electric field mediates the electric force between 
a source charge and a test charge. 
• The electric field, like the electric force, obeys 
the superposition principle 
• The field is a vector; by definition, it points away 
from positive charges and toward negative 
206     5 • Chapter Review
Access for free at openstax.org

---

charges. 
5.5 Calculating Electric Fields of Charge Distributions 
• A very large number of charges can be treated as 
a continuous charge distribution, where the 
calculation of the field requires integration. 
Common cases are: 
◦ one-dimensional (like a wire); uses a line 
charge density 
◦ two-dimensional (metal plate); uses surface 
charge density 
◦ three-dimensional (metal sphere); uses 
volume charge density 
• The “source charge” is a differential amount of 
charge dq. Calculating dq depends on the type of 
source charge distribution: 
• Symmetry of the charge distribution is usually 
key. 
• Important special cases are the field of an 
“infinite” wire and the field of an “infinite” plane. 
5.6 Electric Field Lines 
• Electric field diagrams assist in visualizing the 
field of a source charge. 
• The magnitude of the field is proportional to the 
field line density. 
• Field vectors are everywhere tangent to field 
lines. 
5.7 Electric Dipoles 
• If a permanent dipole is placed in an external 
electric field, it results in a torque that aligns it 
with the external field. 
• If a nonpolar atom (or molecule) is placed in an 
external field, it gains an induced dipole that is 
aligned with the external field. 
• The net field is the vector sum of the external 
field plus the field of the dipole (physical or 
induced). 
• The strength of the polarization is described by 
the dipole moment of the dipole, 
. 
Conceptual Questions 
5.1 Electric Charge 
1 . There are very large numbers of charged 
particles in most objects. Why, then, don’t most 
objects exhibit static electricity? 
2 . Why do most objects tend to contain nearly 
equal numbers of positive and negative charges? 
3 . A positively charged rod attracts a small piece of 
cork. (a) Can we conclude that the cork is 
negatively charged? (b) The rod repels another 
small piece of cork. Can we conclude that this 
piece is positively charged? 
4 . Two bodies attract each other electrically. Do 
they both have to be charged? Answer the same 
question if the bodies repel one another. 
5 . How would you determine whether the charge 
on a particular rod is positive or negative? 
5.2 Conductors, Insulators, and Charging by 
Induction 
6 . An eccentric inventor attempts to levitate a cork 
ball by wrapping it with foil and placing a large 
negative charge on the ball and then putting a 
large positive charge on the ceiling of his 
workshop. Instead, while attempting to place a 
large negative charge on the ball, the foil flies 
off. Explain. 
7 . When a glass rod is rubbed with silk, it becomes 
positive and the silk becomes negative—yet both 
attract dust. Does the dust have a third type of 
charge that is attracted to both positive and 
negative? Explain. 
8 . Why does a car always attract dust right after it 
is polished? (Note that car wax and car tires are 
insulators.) 
9 . Does the uncharged conductor shown below 
experience a net electric force? 
10 . While walking on a rug, a person frequently 
becomes charged because of the rubbing 
between their shoes and the rug. This charge 
then causes a spark and a slight shock when the 
5 • Chapter Review     207"
The primary source of the Sun’s energy is a series of thermonuclear reactions in which the energy produced is c^2 times the mass difference between,1,1,BENAR,"FIGURE 5.28 (a) The sun and (b) the Susquehanna Steam Electric Station both convert mass into energy—the sun via nuclear fusion, and 
the electric station via nuclear fission. (credit a: modification of work by NASA/SDO (AIA) ) 
Because of the relationship of rest energy to mass, we now consider mass to be a form of energy rather than 
something separate. There had not been even a hint of this prior to Einstein’s work. Energy-mass equivalence is now 
known to be the source of the sun’s energy, the energy of nuclear decay, and even one of the sources of energy 
keeping Earth’s interior hot. 
Stored Energy and Potential Energy 
What happens to energy stored in an object at rest, such as the energy put into a battery by charging it, or the energy 
stored in a toy gun’s compressed spring? The energy input becomes part of the total energy of the object and thus 
increases its rest mass. All stored and potential energy becomes mass in a system. In seeming contradiction, the 
principle of conservation of mass (meaning total mass is constant) was one of the great laws verified by nineteenth-
century science. Why was it not noticed to be incorrect? The following example helps answer this question. 
EXAMPLE 5.14 
Calculating Rest Mass 
A car battery is rated to be able to move 600 ampere-hours 
 of charge at 12.0 V. (a) Calculate the increase in 
rest mass of such a battery when it is taken from being fully depleted to being fully charged, assuming none of the 
chemical reactants enter or leave the battery. (b) What percent increase is this, given that the battery’s mass is 20.0 
kg? 
Strategy 
In part (a), we first must find the energy stored as chemical energy 
 in the battery, which equals the electrical 
energy the battery can provide. Because 
 we have to calculate the charge q in 
 which is the 
product of the current I and the time t. We then multiply the result by 12.0 V. We can then calculate the battery’s 
increase in mass using 
 Part (b) is a simple ratio converted into a percentage. 
Solution for (a) 
a. Identify the knowns: 
b. Identify the unknown: 
c. Express the answer as an equation: 
5.9 • Relativistic Energy
217

---

INTRODUCTION 
CHAPTER 1 
Temperature and Heat 
1.1 Temperature and Thermal Equilibrium 
1.2 Thermometers and Temperature Scales 
1.3 Thermal Expansion 
1.4 Heat Transfer, Specific Heat, and Calorimetry 
1.5 Phase Changes 
1.6 Mechanisms of Heat Transfer 
Heat and temperature are important concepts for each of us, every day. How we dress in the 
morning depends on whether the day is hot or cold, and most of what we do requires energy that ultimately comes 
from the Sun. The study of heat and temperature is part of an area of physics known as thermodynamics. The laws 
of thermodynamics govern the flow of energy throughout the universe. They are studied in all areas of science and 
engineering, from chemistry to biology to environmental science. 
In this chapter, we explore heat and temperature. It is not always easy to distinguish these terms. Heat is the flow of 
energy from one object to another. This flow of energy is caused by a difference in temperature. The transfer of heat 
can change temperature, as can work, another kind of energy transfer that is central to thermodynamics. We return 
to these basic ideas several times throughout the next four chapters, and you will see that they affect everything 
from the behavior of atoms and molecules to cooking to our weather on Earth to the life cycles of stars. 
FIGURE 1.1 These snowshoers on Mount Hood in Oregon are enjoying the heat flow and light caused by high temperature. All three 
mechanisms of heat transfer are relevant to this picture. The heat flowing out of the fire also turns the solid snow to liquid water and 
vapor. (credit: modification of work by “Mt. Hood Territory”/Flickr) 
CHAPTER OUTLINE"
Electromagnetic radiation provides a means to probe aspects of the physical universe. Which of the following statements regarding radiation spectra is NOT correct?,0,0,BENAR,"for the various chemical elements, the line emission spectrum of an element exactly matches its line absorption 
spectrum. The difference between the absorption spectrum and the emission spectrum is explained in Figure 6.14. 
An absorption spectrum is observed when light passes through a gas. This spectrum appears as black lines that 
occur only at certain wavelengths on the background of the continuous spectrum of white light (Figure 6.13). The 
missing wavelengths tell us which wavelengths of the radiation are absorbed by the gas. The emission spectrum is 
observed when light is emitted by a gas. This spectrum is seen as colorful lines on the black background (see Figure 
6.15 and Figure 6.16). Positions of the emission lines tell us which wavelengths of the radiation are emitted by the 
gas. Each chemical element has its own characteristic emission spectrum. For each element, the positions of its 
emission lines are exactly the same as the positions of its absorption lines. This means that atoms of a specific 
element absorb radiation only at specific wavelengths and radiation that does not have these wavelengths is not 
absorbed by the element at all. This also means that the radiation emitted by atoms of each element has exactly the 
same wavelengths as the radiation they absorb. 
FIGURE 6.13 In the solar emission spectrum in the visible range from 380 nm to 710 nm, Fraunhofer lines are observed as vertical black 
lines at specific spectral positions in the continuous spectrum. Highly sensitive modern instruments observe thousands of such lines. 
FIGURE 6.14 Observation of line spectra: (a) setup to observe absorption lines; (b) setup to observe emission lines. (a) White light passes 
through a cold gas that is contained in a glass flask. A prism is used to separate wavelengths of the passed light. In the spectrum of the 
passed light, some wavelengths are missing, which are seen as black absorption lines in the continuous spectrum on the viewing screen. 
(b) A gas is contained in a glass discharge tube that has electrodes at its ends. At a high potential difference between the electrodes, the 
gas glows and the light emitted from the gas passes through the prism that separates its wavelengths. In the spectrum of the emitted light, 
only specific wavelengths are present, which are seen as colorful emission lines on the screen. 
FIGURE 6.15 The emission spectrum of atomic hydrogen: The spectral positions of emission lines are characteristic for hydrogen atoms. 
(credit: “Merikanto”/Wikimedia Commons) 
6.4 • Bohr’s Model of the Hydrogen Atom
251

---

Conceptual Questions 
6.1 Blackbody Radiation 
1 . Which surface has a higher temperature – the 
surface of a yellow star or that of a red star? 
2 . Describe what you would see when looking at a 
body whose temperature is increased from 1000 
K to 1,000,000 K. 
3 . Explain the color changes in a hot body as its 
temperature is increased. 
4 . Speculate as to why UV light causes sunburn, 
whereas visible light does not. 
5 . Two cavity radiators are constructed with walls 
made of different metals. At the same 
temperature, how would their radiation spectra 
differ? 
6 . Discuss why some bodies appear black, other 
bodies appear red, and still other bodies appear 
white. 
7 . If everything radiates electromagnetic energy, 
why can we not see objects at room temperature 
in a dark room? 
8 . How much does the power radiated by a 
blackbody increase when its temperature (in K) 
is tripled? 
6.2 Photoelectric Effect 
9 . For the same monochromatic light source, would 
the photoelectric effect occur for all metals? 
10 . In the interpretation of the photoelectric effect, 
how is it known that an electron does not absorb 
more than one photon? 
11 . Explain how you can determine the work 
function from a plot of the stopping potential 
versus the frequency of the incident radiation in 
a photoelectric effect experiment. Can you 
determine the value of Planck’s constant from 
this plot? 
12 . Suppose that in the photoelectric-effect 
experiment we make a plot of the detected 
current versus the applied potential difference. 
What information do we obtain from such a plot? 
Can we determine from it the value of Planck’s 
constant? Can we determine the work function 
of the metal? 
13 . Speculate how increasing the temperature of a 
photoelectrode affects the outcomes of the 
photoelectric effect experiment. 
14 . Which aspects of the photoelectric effect cannot 
be explained by classical physics? 
15 . Is the photoelectric effect a consequence of the 
wave character of radiation or is it a 
consequence of the particle character of 
radiation? Explain briefly. 
16 . The metals sodium, iron, and molybdenum have 
work functions 2.5 eV, 3.9 eV, and 4.2 eV, 
respectively. Which of these metals will emit 
photoelectrons when illuminated with 400 nm 
light? 
6.3 The Compton Effect 
17 . Discuss any similarities and differences between 
the photoelectric and the Compton effects. 
18 . Which has a greater momentum: an UV photon 
or an IR photon? 
19 . Does changing the intensity of a monochromatic 
light beam affect the momentum of the 
individual photons in the beam? Does such a 
change affect the net momentum of the beam? 
20 . Can the Compton effect occur with visible light? 
If so, will it be detectable? 
21 . Is it possible in the Compton experiment to 
observe scattered X-rays that have a shorter 
wavelength than the incident X-ray radiation? 
22 . Show that the Compton wavelength has the 
dimension of length. 
23 . At what scattering angle is the wavelength shift 
in the Compton effect equal to the Compton 
wavelength? 
6.4 Bohr’s Model of the Hydrogen Atom 
24 . Explain why the patterns of bright emission 
spectral lines have an identical spectral position 
to the pattern of dark absorption spectral lines 
for a given gaseous element. 
25 . Do the various spectral lines of the hydrogen 
atom overlap? 
26 . The Balmer series for hydrogen was discovered 
before either the Lyman or the Paschen series. 
Why? 
27 . When the absorption spectrum of hydrogen at 
room temperature is analyzed, absorption lines 
for the Lyman series are found, but none are 
found for the Balmer series. What does this tell 
276     6 • Chapter Review
Access for free at openstax.org"
Which of the following statements about bosons and/or fermions is true?,3,3,BENAR,"104 . (a) Which line in the Balmer series is the first one 
in the UV part of the spectrum? (b) How many 
Balmer lines lie in the visible part of the 
spectrum? (c) How many Balmer lines lie in the 
UV? 
105 . A 
 emission line of atomic hydrogen 
corresponds to transition between the states 
 and 
 Find 
6.5 De Broglie’s Matter Waves 
106 . At what velocity will an electron have a 
wavelength of 1.00 m? 
107 . What is the de Broglie wavelength of an electron 
travelling at a speed of 
 ? 
108 . What is the de Broglie wavelength of an electron 
that is accelerated from rest through a potential 
difference of 20 kV? 
109 . What is the de Broglie wavelength of a proton 
whose kinetic energy is 2.0 MeV? 10.0 MeV? 
110 . What is the de Broglie wavelength of a young 
cheetah running at a speed of 8.0 m/s? 
111 . (a) What is the energy of an electron whose de 
Broglie wavelength is that of a photon of yellow 
light with wavelength 590 nm? (b) What is the de 
Broglie wavelength of an electron whose energy 
is that of the photon of yellow light? 
112 . The de Broglie wavelength of a neutron is 0.01 
nm. What is the speed and energy of this 
neutron? 
113 . What is the wavelength of an electron that is 
moving at a 3% of the speed of light? 
114 . At what velocity does a proton have a 6.0-fm 
wavelength (about the size of a nucleus)? Give 
your answer in units of c. 
115 . What is the velocity of a 0.400-kg billiard ball if 
its wavelength is 7.50 fm? 
116 . Find the wavelength of a proton that is moving at 
1.00% of the speed of light (when 
6.6 Wave-Particle Duality 
117 . An AM radio transmitter radiates 500 kW at a 
frequency of 760 kHz. How many photons per 
second does the emitter emit? 
118 . Find the Lorentz factor  and de Broglie’s 
wavelength for a 50-GeV electron in a particle 
accelerator. 
119 . Find the Lorentz factor  and de Broglie’s 
wavelength for a 1.0-TeV proton in a particle 
accelerator. 
120 . What is the kinetic energy of a 0.01-nm electron 
in a TEM? 
121 . If electron is to be diffracted significantly by a 
crystal, its wavelength must be about equal to 
the spacing, d, of crystalline planes. Assuming 
 estimate the potential difference 
through which an electron must be accelerated 
from rest if it is to be diffracted by these planes. 
122 . X-rays form ionizing radiation that is dangerous 
to living tissue and undetectable to the human 
eye. Suppose that a student researcher working 
in an X-ray diffraction laboratory is accidentally 
exposed to a fatal dose of radiation. Calculate 
the temperature increase of the researcher 
under the following conditions: the energy of X-
ray photons is 200 keV and the researcher 
absorbs 
 photons per each kilogram of 
body weight during the exposure. Assume that 
the specific heat of the student’s body is 
123 . Solar wind (radiation) that is incident on the top 
of Earth’s atmosphere has an average intensity 
of 
 Suppose that you are building a 
solar sail that is to propel a small toy spaceship 
with a mass of 0.1 kg in the space between the 
International Space Station and the moon. The 
sail is made from a very light material, which 
perfectly reflects the incident radiation. To 
assess whether such a project is feasible, 
answer the following questions, assuming that 
radiation photons are incident only in normal 
direction to the sail reflecting surface. (a) What 
is the radiation pressure (force per 
) of the 
radiation falling on the mirror-like sail? (b) Given 
the radiation pressure computed in (a), what will 
be the acceleration of the spaceship when the 
sail has of an area of 
 ? (c) Given the 
acceleration estimate in (b), how fast will the 
spaceship be moving after 24 hours when it 
starts from rest? 
124 . Treat the human body as a blackbody and 
determine the percentage increase in the total 
power of its radiation when its temperature 
increases from 98.6  F to 103  F. 
125 . Show that Wien’s displacement law results from 
Planck’s radiation law. (Hint: substitute 
 and write Planck’s law in the form 
280     6 • Chapter Review
Access for free at openstax.org

---

be 
This equation is the first of Bohr’s quantization conditions, given by Equation 6.36. Providing a physical explanation 
for Bohr’s quantization condition is a convincing theoretical argument for the existence of matter waves. 
FIGURE 6.18 Standing-wave pattern: (a) a stretched string clamped at the walls; (b) an electron wave trapped in the third Bohr orbit in the 
hydrogen atom. 
EXAMPLE 6.12 
The Electron Wave in the Ground State of Hydrogen 
Find the de Broglie wavelength of an electron in the ground state of hydrogen. 
Strategy 
We combine the first quantization condition in Equation 6.60 with Equation 6.36 and use Equation 6.38 for the first 
Bohr radius with 
Solution 
When 
 and 
 the Bohr quantization condition gives 
ℏ
ℏ
 The electron 
wavelength is: 
ℏ
Significance 
We obtain the same result when we use Equation 6.58 directly. 
CHECK YOUR UNDERSTANDING 6.12 
Find the de Broglie wavelength of an electron in the third excited state of hydrogen. 
Experimental confirmation of matter waves came in 1927 when C. Davisson and L. Germer performed a series of 
electron-scattering experiments that clearly showed that electrons do behave like waves. Davisson and Germer did 
not set up their experiment to confirm de Broglie’s hypothesis: The confirmation came as a byproduct of their 
routine experimental studies of metal surfaces under electron bombardment. 
In the particular experiment that provided the very first evidence of electron waves (known today as the 
Davisson–Germer experiment), they studied a surface of nickel. Their nickel sample was specially prepared in a 
high-temperature oven to change its usual polycrystalline structure to a form in which large single-crystal domains 
occupy the volume. Figure 6.19 shows the experimental setup. Thermal electrons are released from a heated 
ℏ
ℏ
6.60 
262
6 • Photons and Matter Waves
Access for free at openstax.org"
Excited states of the helium atom can be characterized as para- (antiparallel electron spins) and ortho- (parallel electron spins). The observation that an ortho- state has lower energy than the corresponding para- state can be understood in terms of which of the following?,1,3,SALAH,"Significance 
We can analyze any spectral line in the spectrum of hydrogen in the same way. Thus, the experimental 
measurements of spectral lines provide us with information about the atomic structure of the hydrogen atom. 
CHECK YOUR UNDERSTANDING 6.10 
When an electron in a hydrogen atom is in the first excited state, what prediction does the Bohr model give about its 
orbital speed and kinetic energy? What is the magnitude of its orbital angular momentum? 
Bohr’s model of the hydrogen atom also correctly predicts the spectra of some hydrogen-like ions. Hydrogen-like 
ions are atoms of elements with an atomic number Z larger than one (
 for hydrogen) but with all electrons 
removed except one. For example, an electrically neutral helium atom has an atomic number 
 This means it 
has two electrons orbiting the nucleus with a charge of 
 When one of the orbiting electrons is removed 
from the helium atom (we say, when the helium atom is singly ionized), what remains is a hydrogen-like atomic 
structure where the remaining electron orbits the nucleus with a charge of 
 This type of situation is 
described by the Bohr model. Assuming that the charge of the nucleus is not 
 but 
 we can repeat all steps, 
beginning with Equation 6.36, to obtain the results for a hydrogen-like ion: 
where 
 is the Bohr orbit of hydrogen, and 
where 
 is the ionization limit of a hydrogen atom. These equations are good approximations as long as the atomic 
number Z is not too large. 
The Bohr model is important because it was the first model to postulate the quantization of electron orbits in atoms. 
Thus, it represents an early quantum theory that gave a start to developing modern quantum theory. It introduced 
the concept of a quantum number to describe atomic states. The limitation of the early quantum theory is that it 
cannot describe atoms in which the number of electrons orbiting the nucleus is larger than one. The Bohr model of 
hydrogen is a semi-classical model because it combines the classical concept of electron orbits with the new 
concept of quantization. The remarkable success of this model prompted many physicists to seek an explanation for 
why such a model should work at all, and to seek an understanding of the physics behind the postulates of early 
quantum theory. This search brought about the onset of an entirely new concept of “matter waves.” 
6.5 De Broglie’s Matter Waves 
LEARNING OBJECTIVES 
By the end of this section, you will be able to: 
• Describe de Broglie’s hypothesis of matter waves 
• Explain how the de Broglie’s hypothesis gives the rationale for the quantization of angular momentum in 
Bohr’s quantum theory of the hydrogen atom 
• Describe the Davisson–Germer experiment 
• Interpret de Broglie’s idea of matter waves and how they account for electron diffraction phenomena 
Compton’s formula established that an electromagnetic wave can behave like a particle of light when interacting 
with matter. In 1924, Louis de Broglie proposed a new speculative hypothesis that electrons and other particles of 
matter can behave like waves. Today, this idea is known as de Broglie’s hypothesis of matter waves. In 1926, De 
Broglie’s hypothesis, together with Bohr’s early quantum theory, led to the development of a new theory of wave 
quantum mechanics to describe the physics of atoms and subatomic particles. Quantum mechanics has paved the 
way for new engineering inventions and technologies, such as the laser and magnetic resonance imaging (MRI). 
6.51 
6.52 
6.5 • De Broglie’s Matter Waves
259

---

The total energy of the electron is the sum of Equation 6.41 and Equation 6.42: 
Note that the energy depends only on the index n because the remaining symbols in Equation 6.43 are physical 
constants. The value of the constant factor in Equation 6.43 is 
It is convenient to express the electron’s energy in the nth orbit in terms of this energy, as 
Now we can see that the electron energies in the hydrogen atom are quantized because they can have only discrete 
values of 
 given by Equation 6.45, and no other energy values are allowed. This 
set of allowed electron energies is called the energy spectrum of hydrogen (Figure 6.17). The index n that 
enumerates energy levels in Bohr’s model is called the energy quantum number. We identify the energy of the 
electron inside the hydrogen atom with the energy of the hydrogen atom. Note that the smallest value of energy is 
obtained for 
 so the hydrogen atom cannot have energy smaller than that. This smallest value of the electron 
energy in the hydrogen atom is called the ground state energy of the hydrogen atom and its value is 
The hydrogen atom may have other energies that are higher than the ground state. These higher energy states are 
known as excited energy states of a hydrogen atom. 
There is only one ground state, but there are infinitely many excited states because there are infinitely many values 
of n in Equation 6.45. We say that the electron is in the “first exited state” when its energy is 
 (when 
), the 
second excited state when its energy is 
 (when 
) and, in general, in the nth exited state when its energy is 
 There is no highest-of-all excited state; however, there is a limit to the sequence of excited states. If we keep 
increasing n in Equation 6.45, we find that the limit is 
∞
 In this limit, the electron is no longer 
bound to the nucleus but becomes a free electron. An electron remains bound in the hydrogen atom as long as its 
energy is negative. An electron that orbits the nucleus in the first Bohr orbit, closest to the nucleus, is in the ground 
state, where its energy has the smallest value. In the ground state, the electron is most strongly bound to the 
nucleus and its energy is given by Equation 6.46. If we want to remove this electron from the atom, we must supply 
it with enough energy, ∞ to at least balance out its ground state energy 
The energy that is needed to remove the electron from the atom is called the ionization energy. The ionization 
energy ∞ that is needed to remove the electron from the first Bohr orbit is called the ionization limit of the 
hydrogen atom. The ionization limit in Equation 6.47 that we obtain in Bohr’s model agrees with experimental 
value. 
ℏ
6.43 
ℏ
6.44 
6.45 
6.46 
∞
∞
6.47 
256
6 • Photons and Matter Waves
Access for free at openstax.org"
"One end of a horizontal, massless spring is attached to a wall. A mass of 0.30 kg is attached to the other end of the spring and rests on a table. The mass is displaced 0.030 m from its equilibrium position and released. It has a speed of 0.040 m/s as it passes through its equilibrium position. In the absence of friction, what is the total mechanical energy of the system?",0,2,SALAH,"89 . In building a house, carpenters use nails from a 
large box. The box is suspended from a spring 
twice during the day to measure the usage of 
nails. At the beginning of the day, the spring 
stretches 50 cm. At the end of the day, the 
spring stretches 30 cm. What fraction or 
percentage of the nails have been used? 
90 . A force is applied to a block to move it up a 
incline. The incline is frictionless. If 
and 
, what is the magnitude of the 
acceleration of the block? 
91 . Two forces are applied to a 5.0-kg object, and it 
accelerates at a rate of 
 in the positive 
y-direction. If one of the forces acts in the 
positive x-direction with magnitude 12.0 N, find 
the magnitude of the other force. 
92 . The block on the right shown below has more 
mass than the block on the left (
). Draw 
free-body diagrams for each block. 
Challenge Problems 
93 . If two tugboats pull on a disabled vessel, as shown 
here in an overhead view, the disabled vessel will be 
pulled along the direction indicated by the result of 
the exerted forces. (a) Draw a free-body diagram for 
the vessel. Assume no friction or drag forces affect 
the vessel. (b) Did you include all forces in the 
overhead view in your free-body diagram? Why or 
why not? 
94 . A 10.0-kg object is initially moving east at 15.0 
m/s. Then a force acts on it for 2.00 s, after 
5 • Chapter Review     245

---

EXAMPLE 6.12 
Sliding Blocks 
The two blocks of Figure 6.17 are attached to each other by a massless string that is wrapped around a frictionless 
pulley. When the bottom 4.00-kg block is pulled to the left by the constant force 
 the top 2.00-kg block slides 
across it to the right. Find the magnitude of the force necessary to move the blocks at constant speed. Assume that 
the coefficient of kinetic friction between all surfaces is 0.400. 
FIGURE 6.17 (a) Each block moves at constant velocity. (b) Free-body diagrams for the blocks. 
Strategy 
We analyze the motions of the two blocks separately. The top block is subjected to a contact force exerted by the 
bottom block. The components of this force are the normal force 
 and the frictional force 
 Other 
forces on the top block are the tension  in the string and the weight of the top block itself, 19.6 N. The bottom 
block is subjected to contact forces due to the top block and due to the floor. The first contact force has components 
 and 
 which are simply reaction forces to the contact forces that the bottom block exerts on the top 
block. The components of the contact force of the floor are 
 and 
 Other forces on this block are 
 the 
tension 
 and the weight –39.2 N. 
Solution 
Since the top block is moving horizontally to the right at constant velocity, its acceleration is zero in both the 
horizontal and the vertical directions. From Newton’s second law, 
Solving for the two unknowns, we obtain 
 and 
 The bottom block is also not 
accelerating, so the application of Newton’s second law to this block gives 
The values of 
 and T were found with the first set of equations. When these values are substituted into the 
second set of equations, we can determine 
 and P. They are 
6.2 • Friction
273"
"A meter stick with a speed of 0.8c moves past an observer. In the observer’s reference frame, how long does it take the stick to pass the observer ?",1,2,SALAH,"Because the position of the clock in 
 is fixed, 
 and the time interval 
 becomes: 
d. Do the calculation. 
With 
 this gives: 
Note that the Lorentz transformation reproduces the time dilation equation. 
EXAMPLE 5.7 
Using the Lorentz Transformation for Length 
A surveyor measures a street to be 
 long in Earth frame S. Use the Lorentz transformation to obtain an 
expression for its length measured from a spaceship 
 moving by at speed 0.20c, assuming the x coordinates of 
the two frames coincide at time 
Solution 
a. Identify the known: 
b. Identify the unknown: 
c. Express the answer as an equation. The surveyor in frame S has measured the two ends of the stick 
simultaneously, and found them at rest at 
 and 
 a distance 
 apart. The spaceship 
crew measures the simultaneous location of the ends of the sticks in their frame. To relate the lengths 
recorded by observers in 
 and S, respectively, write the second of the four Lorentz transformation equations 
as: 
d. Do the calculation. Because 
 the length of the moving stick is equal to: 
EXAMPLE 5.8 
Lorentz Transformation and Simultaneity 
The observer shown in Figure 5.14 standing by the railroad tracks sees the two bulbs flash simultaneously at both 
ends of the 26 m long passenger car when the middle of the car passes him at a speed of c/2. Find the separation in 
time between when the bulbs flashed as seen by the train passenger seated in the middle of the car. 
196
5 • Relativity
Access for free at openstax.org

---

Then we rearrange to obtain 
Finally, solving for 
 in terms of 
 gives us 
This is equivalent to 
where  is the relativistic factor (often called the Lorentz factor) given by 
and v and c are the speeds of the moving observer and light, respectively. 
Note the asymmetry between the two measurements. Only one of them is a measurement of the time interval 
between two events—the emission and arrival of the light pulse—at the same position. It is a measurement of the 
time interval in the rest frame of a single clock. The measurement in the earthbound frame involves comparing the 
time interval between two events that occur at different locations. The time interval between events that occur at a 
single location has a separate name to distinguish it from the time measured by the earthbound observer, and we 
use the separate symbol 
 to refer to it throughout this chapter. 
The equation relating 
 and 
 is truly remarkable. First, as stated earlier, elapsed time is not the same for 
different observers moving relative to one another, even though both are in inertial frames. A proper time interval 
 for an observer who, like the astronaut, is moving with the apparatus, is smaller than the time interval for other 
observers. It is the smallest possible measured time between two events. The earthbound observer sees time 
intervals within the moving system as dilated (i.e., lengthened) relative to how the observer moving relative to Earth 
sees them within the moving system. Alternatively, according to the earthbound observer, less time passes between 
events within the moving frame. Note that the shortest elapsed time between events is in the inertial frame in which 
the observer sees the events (e.g., the emission and arrival of the light signal) occur at the same point. 
This time effect is real and is not caused by inaccurate clocks or improper measurements. Time-interval 
measurements of the same event differ for observers in relative motion. The dilation of time is an intrinsic property 
of time itself. All clocks moving relative to an observer, including biological clocks, such as a person’s heartbeat, or 
aging, are observed to run more slowly compared with a clock that is stationary relative to the observer. 
Note that if the relative velocity is much less than the speed of light 
 then 
 is extremely small, and the 
elapsed times 
 and 
 are nearly equal. At low velocities, physics based on modern relativity approaches 
classical physics—everyday experiences involve very small relativistic effects. However, for speeds near the speed 
of light, 
 is close to one, so 
 is very small and 
 becomes significantly larger than 
5.1 
5.2 
PROPER TIME 
The proper time interval 
 between two events is the time interval measured by an observer for whom both 
events occur at the same location. 
5.3 • Time Dilation
181"
"Protons used in cancer therapy are typically accelerated to about 0.6c . How much work must be done on a particle of mass m in order for it to reach this speed, assuming it starts at rest?",0,1,SALAH,"entirely new particles. In the Large Hadron Collider in Figure 5.27, charged particles are accelerated before entering 
the ring-like structure. There, two beams of particles are accelerated to their final speed of about 99.7% the speed 
of light in opposite directions, and made to collide, producing totally new species of particles. Most of what we know 
about the substructure of matter and the collection of exotic short-lived particles in nature has been learned this 
way. Patterns in the characteristics of these previously unknown particles hint at a basic substructure for all matter. 
These particles and some of their characteristics will be discussed in a later chapter on particle physics. 
FIGURE 5.27 The European Organization for Nuclear Research (called CERN after its French name) operates the largest particle accelerator 
in the world, straddling the border between France and Switzerland. (credit: modification of work by NASA) 
Total Relativistic Energy 
The expression for kinetic energy can be rearranged to: 
Einstein argued in a separate article, also later published in 1905, that if the energy of a particle changes by 
 its 
mass changes by 
 Abundant experimental evidence since then confirms that 
 corresponds to the 
energy that the particle of mass m has when at rest. For example, when a neutral pion of mass m at rest decays into 
two photons, the photons have zero mass but are observed to have total energy corresponding to 
 for the pion. 
Similarly, when a particle of mass m decays into two or more particles with smaller total mass, the observed kinetic 
energy imparted to the products of the decay corresponds to the decrease in mass. Thus, E is the total relativistic 
energy of the particle, and 
 is its rest energy. 
TOTAL ENERGY 
Total energy E of a particle is 
where m is mass, c is the speed of light, 
 and u is the velocity of the mass relative to an observer. 
5.9 
REST ENERGY 
Rest energy of an object is 
5.9 • Relativistic Energy
215

---

106 . A bullet shot from a rifle has mass of 10.0 g and 
travels to the right at 350 m/s. It strikes a target, 
a large bag of sand, penetrating it a distance of 
34.0 cm. Find the magnitude and direction of the 
retarding force that slows and stops the bullet. 
107 . An object is acted on by three simultaneous 
forces: 
, 
, and 
. The object 
experiences acceleration of 
. (a) Find 
the acceleration vector in terms of m. (b) Find 
the mass of the object. (c) If the object begins 
from rest, find its speed after 5.00 s. (d) Find the 
components of the velocity of the object after 
5.00 s. 
108 . In a particle accelerator, a proton has mass 
 and an initial speed of 
 It moves in a straight line, and 
its speed increases to 
 in a 
distance of 10.0 cm. Assume that the 
acceleration is constant. Find the magnitude of 
the force exerted on the proton. 
109 . A drone is being directed across a frictionless 
ice-covered lake. The mass of the drone is 1.50 
kg, and its velocity is 
. After 10.0 s, the 
velocity is 
. If a constant force 
in the horizontal direction is causing this change 
in motion, find (a) the components of the force 
and (b) the magnitude of the force. 
5 • Chapter Review     247"
"Characteristic X rays, appearing as sharp lines on a continuous background, are produced when high-energy electrons bombard a metal target. Which of the following processes results in the characteristic X rays?",2,2,BENAR,"waves. 
FIGURE 6.20 The experimental results of electron diffraction on a nickel target for the accelerating potential in the electron gun of about 
 The intensity maximum is registered at the scattering angle of about 
FIGURE 6.21 In the surface diffraction of a monochromatic electromagnetic wave on a crystalline lattice structure, the in-phase incident 
beams are reflected from atoms on the surface. A ray reflected from the left atom travels an additional distance 
 to the detector, 
where a is the lattice spacing. The reflected beams remain in-phase when D is an integer multiple of their wavelength 
 The intensity of the 
reflected waves has pronounced maxima for angles  satisfying 
Diffraction lines measured with low-energy electrons, such as those used in the Davisson–Germer experiment, are 
quite broad (see Figure 6.20) because the incident electrons are scattered only from the surface. The resolution of 
diffraction images greatly improves when a higher-energy electron beam passes through a thin metal foil. This 
occurs because the diffraction image is created by scattering off many crystalline planes inside the volume, and the 
maxima produced in scattering at Bragg angles are sharp (see Figure 6.22). 
264
6 • Photons and Matter Waves
Access for free at openstax.org

---

FIGURE 6.12 Experimental data show the Compton effect for X-rays scattering off graphite at various angles: The intensity of the scattered 
beam has two peaks. One peak appears at the wavelength  of the incident radiation and the second peak appears at wavelength 
 The 
separation 
 between the peaks depends on the scattering angle 
 which is the angular position of the detector in Figure 6.11. The 
experimental data in this figure are plotted in arbitrary units so that the height of the profile reflects the intensity of the scattered beam 
above background noise. 
Compton Shift 
As given by Compton, the explanation of the Compton shift is that in the target material, graphite, valence electrons 
are loosely bound in the atoms and behave like free electrons. Compton assumed that the incident X-ray radiation is 
a stream of photons. An incoming photon in this stream collides with a valence electron in the graphite target. In the 
course of this collision, the incoming photon transfers some part of its energy and momentum to the target electron 
and leaves the scene as a scattered photon. This model explains in qualitative terms why the scattered radiation has 
a longer wavelength than the incident radiation. Put simply, a photon that has lost some of its energy emerges as a 
photon with a lower frequency, or equivalently, with a longer wavelength. To show that his model was correct, 
Compton used it to derive the expression for the Compton shift. In his derivation, he assumed that both photon and 
electron are relativistic particles and that the collision obeys two commonsense principles: (1) the conservation of 
linear momentum and (2) the conservation of total relativistic energy. 
In the following derivation of the Compton shift, 
 and 
 denote the energy and momentum, respectively, of an 
incident photon with frequency f. The photon collides with a relativistic electron at rest, which means that 
immediately before the collision, the electron’s energy is entirely its rest mass energy, 
 Immediately after the 
collision, the electron has energy E and momentum 
 both of which satisfy Equation 6.19. Immediately after the 
collision, the outgoing photon has energy 
 momentum 
 and frequency 
 The direction of the incident 
photon is horizontal from left to right, and the direction of the outgoing photon is at the angle 
 as illustrated in 
Figure 6.11. The scattering angle  is the angle between the momentum vectors 
 and 
 and we can write 
their scalar product: 
Following Compton’s argument, we assume that the colliding photon and electron form an isolated system. This 
assumption is valid for weakly bound electrons that, to a good approximation, can be treated as free particles. Our 
first equation is the conservation of energy for the photon-electron system: 
The left side of this equation is the energy of the system at the instant immediately before the collision, and the right 
side of the equation is the energy of the system at the instant immediately after the collision. Our second equation is 
the conservation of linear momentum for the photon–electron system where the electron is at rest at the instant 
immediately before the collision: 
The left side of this equation is the momentum of the system right before the collision, and the right side of the 
equation is the momentum of the system right after collision. The entire physics of Compton scattering is contained 
6.23 
6.24 
6.25 
248
6 • Photons and Matter Waves
Access for free at openstax.org"
An atom has filled n = 1 and n = 2 levels. How many electrons does the atom have?,3,2,SALAH,"The total energy of the electron is the sum of Equation 6.41 and Equation 6.42: 
Note that the energy depends only on the index n because the remaining symbols in Equation 6.43 are physical 
constants. The value of the constant factor in Equation 6.43 is 
It is convenient to express the electron’s energy in the nth orbit in terms of this energy, as 
Now we can see that the electron energies in the hydrogen atom are quantized because they can have only discrete 
values of 
 given by Equation 6.45, and no other energy values are allowed. This 
set of allowed electron energies is called the energy spectrum of hydrogen (Figure 6.17). The index n that 
enumerates energy levels in Bohr’s model is called the energy quantum number. We identify the energy of the 
electron inside the hydrogen atom with the energy of the hydrogen atom. Note that the smallest value of energy is 
obtained for 
 so the hydrogen atom cannot have energy smaller than that. This smallest value of the electron 
energy in the hydrogen atom is called the ground state energy of the hydrogen atom and its value is 
The hydrogen atom may have other energies that are higher than the ground state. These higher energy states are 
known as excited energy states of a hydrogen atom. 
There is only one ground state, but there are infinitely many excited states because there are infinitely many values 
of n in Equation 6.45. We say that the electron is in the “first exited state” when its energy is 
 (when 
), the 
second excited state when its energy is 
 (when 
) and, in general, in the nth exited state when its energy is 
 There is no highest-of-all excited state; however, there is a limit to the sequence of excited states. If we keep 
increasing n in Equation 6.45, we find that the limit is 
∞
 In this limit, the electron is no longer 
bound to the nucleus but becomes a free electron. An electron remains bound in the hydrogen atom as long as its 
energy is negative. An electron that orbits the nucleus in the first Bohr orbit, closest to the nucleus, is in the ground 
state, where its energy has the smallest value. In the ground state, the electron is most strongly bound to the 
nucleus and its energy is given by Equation 6.46. If we want to remove this electron from the atom, we must supply 
it with enough energy, ∞ to at least balance out its ground state energy 
The energy that is needed to remove the electron from the atom is called the ionization energy. The ionization 
energy ∞ that is needed to remove the electron from the first Bohr orbit is called the ionization limit of the 
hydrogen atom. The ionization limit in Equation 6.47 that we obtain in Bohr’s model agrees with experimental 
value. 
ℏ
6.43 
ℏ
6.44 
6.45 
6.46 
∞
∞
6.47 
256
6 • Photons and Matter Waves
Access for free at openstax.org

---

Medium 
n 
Gases at 
, 1 atm 
Air 
1.000293 
Carbon dioxide"
"Light from a laser falls on a pair of very narrow slits separated by 0.5 micrometer, and bright fringes separated by 1.0 millimeter are observed on a distant screen. If the frequency of the laser light is doubled, what will be the separation of the bright fringes?",1,1,BENAR,"55 . Red light (
) illuminates double slits 
separated by a distance 
 The 
screen and the slits are 3.00 m apart. (a) Find 
the distance on the screen between the central 
maximum and the third maximum. (b) What is 
the distance between the second and the fourth 
maxima? 
56 . Two sources as in phase and emit waves with 
. Determine whether constructive or 
destructive interference occurs at points whose 
distances from the two sources are (a) 0.84 and 
0.42 m, (b) 0.21 and 0.42 m, (c) 1.26 and 0.42 
m, (d) 1.87 and 1.45 m, (e) 0.63 and 0.84 m and 
(f) 1.47 and 1.26 m. 
57 . Two slits 
 apart are illuminated by 
light of wavelength 600 nm. What is the highest 
order fringe in the interference pattern? 
58 . Suppose that the highest order fringe that can 
be observed is the eighth in a double-slit 
experiment where 550-nm wavelength light is 
used. What is the minimum separation of the 
slits? 
59 . The interference pattern of a He-Ne laser light 
 passing through two slits 0.031 
mm apart is projected on a screen 10.0 m away. 
Determine the distance between the adjacent 
bright fringes. 
60 . Young’s double-slit experiment is performed 
immersed in water (
). The light source 
is a He-Ne laser, 
 in vacuum. (a) 
What is the wavelength of this light in water? (b) 
What is the angle for the third order maximum 
for two slits separated by 0.100 mm. 
61 . A double-slit experiment is to be set up so that 
the bright fringes appear 1.27 cm apart on a 
screen 2.13 m away from the two slits. The light 
source was wavelength 500 nm. What should be 
the separation between the two slits? 
62 . An effect analogous to two-slit interference can 
occur with sound waves, instead of light. In an 
open field, two speakers placed 1.30 m apart 
are powered by a single-function generator 
producing sine waves at 1200-Hz frequency. A 
student walks along a line 12.5 m away and 
parallel to the line between the speakers. She 
hears an alternating pattern of loud and quiet, 
due to constructive and destructive interference. 
What is (a) the wavelength of this sound and (b) 
the distance between the central maximum and 
the first maximum (loud) position along this line? 
63 . A hydrogen gas discharge lamp emits visible 
light at four wavelengths, 
 410, 434, 486, 
and 656 nm. (a) If light from this lamp falls on a 
N slits separated by 0.025 mm, how far from the 
central maximum are the third maxima when 
viewed on a screen 2.0 m from the slits? (b) By 
what distance are the second and third maxima 
separated for 
? 
64 . Monochromatic light of frequency 
 falls on 10 slits separated by 
0.020 mm. What is the separation between the 
first and third maxima on a screen that is 2.0 m 
from the slits? 
65 . Eight slits equally separated by 0.149 mm is 
uniformly illuminated by a monochromatic light 
at 
. What is the width of the central 
principal maximum on a screen 2.35 m away? 
66 . Eight slits equally separated by 0.149 mm is 
uniformly illuminated by a monochromatic light 
at 
. What is the intensity of a 
secondary maxima compared to that of the 
principal maxima? 
67 . A transparent film of thickness 250 nm and 
index of refraction of 1.40 is surrounded by air. 
What wavelength in a beam of white light at 
near-normal incidence to the film undergoes 
destructive interference when reflected? 
68 . An intensity minimum is found for 450 nm light 
transmitted through a transparent film 
 in air. (a) What is minimum thickness 
of the film? (b) If this wavelength is the longest 
for which the intensity minimum occurs, what 
are the next three lower values of  for which 
this happens? 
69 . A thin film with 
 is surrounded by air. 
What is the minimum thickness of this film such 
that the reflection of normally incident light with 
 is minimized? 
70 . Repeat your calculation of the previous problem 
with the thin film placed on a flat glass 
(
) surface. 
71 . After a minor oil spill, a think film of oil 
(
) of thickness 450 nm floats on the 
water surface in a bay. (a) What predominant 
color is seen by a bird flying overhead? (b) What 
predominant color is seen by a seal swimming 
underwater? 
72 . A microscope slide 10 cm long is separated from a 
glass plate at one end by a sheet of paper. As shown 
132     3 • Chapter Review
Access for free at openstax.org

---

. For fixed  and m, the smaller d is, the larger  must be, since 
. This is consistent with our contention that wave effects are most noticeable when the object the wave 
encounters (here, slits a distance d apart) is small. Small d gives large , hence, a large effect. 
Referring back to part (a) of the figure,  is typically small enough that 
, where 
 is the 
distance from the central maximum to the mth bright fringe and D is the distance between the slit and the screen. 
Equation 3.4 may then be written as 
or 
FIGURE 3.8 The interference pattern for a double slit has an intensity that falls off with angle. The image shows multiple bright and dark 
lines, or fringes, formed by light passing through a double slit. 
EXAMPLE 3.1 
Finding a Wavelength from an Interference Pattern 
Suppose you pass light from a He-Ne laser through two slits separated by 0.0100 mm and find that the third bright 
line on a screen is formed at an angle of 
 relative to the incident beam. What is the wavelength of the light? 
Strategy 
The phenomenon is two-slit interference as illustrated in Figure 3.8 and the third bright line is due to third-order 
constructive interference, which means that 
. We are given 
 and 
. The wavelength 
can thus be found using the equation 
 for constructive interference. 
Solution 
Solving 
 for the wavelength  gives 
Substituting known values yields 
3.6 
114
3 • Interference
Access for free at openstax.org"
"Assume that the solar flux at Earth’s surface is 1,000 W/m^2 and that the sunlight is normal to a completely reflecting surface with an area of 3 m^2. What is the total radiation force exerted on the surface?",2,2,BENAR,"the radiation the atmosphere absorbs 
from Earth equals the power of the 
radiation it emits. 
e. Half of the power radiated by the 
atmosphere hits Earth. Write an equation 
that says that the power Earth absorbs 
from the atmosphere and the Sun equals 
the power that it emits. 
f. Solve your two equations for the unknown 
temperature of Earth. 
1 • Chapter Review     61

62     1 • Chapter Review
Access for free at openstax.org

---

g of steam at 
 and 100 g of ice at 
are mixed. The pressure is maintained at 1 atm. 
What is the final temperature, and how much 
steam, ice, and water are present? 
126 . An astronaut performing an extra-vehicular 
activity (space walk) shaded from the Sun is 
wearing a spacesuit that can be approximated as 
perfectly white 
 except for a 
 patch in the form of the 
astronaut’s national flag. The patch has 
emissivity 0.300. The spacesuit under the patch 
is 0.500 cm thick, with a thermal conductivity 
, and its inner surface is at a 
temperature of 
. What is the 
temperature of the patch, and what is the rate of 
heat loss through it? Assume the patch is so thin 
that its outer surface is at the same temperature 
as the outer surface of the spacesuit under it. 
Also assume the temperature of outer space is 0 
K. You will get an equation that is very hard to 
solve in closed form, so you can solve it 
numerically with a graphing calculator, with 
software, or even by trial and error with a 
calculator. 
127 . Find the growth of an ice layer as a function of 
time in a Dewar flask as seen in Exercise 1.120. 
Call the thickness of the ice layer L. (a) Derive an 
equation for dL/dt in terms of L , the 
temperature T above the ice, and the properties 
of ice (which you can leave in symbolic form 
instead of substituting the numbers). (b) Solve 
this differential equation assuming that at 
, 
you have 
 If you have studied differential 
equations, you will know a technique for solving 
equations of this type: manipulate the equation 
to get dL/dt multiplied by a (very simple) 
function of L on one side, and integrate both 
sides with respect to time. Alternatively, you 
may be able to use your knowledge of the 
derivatives of various functions to guess the 
solution, which has a simple dependence on t. 
(c) Will the water eventually freeze to the bottom 
of the flask? 
128 . As the very first rudiment of climatology, 
estimate the temperature of Earth. Assume it is 
a perfect sphere and its temperature is uniform. 
Ignore the greenhouse effect. Thermal radiation 
from the Sun has an intensity (the “solar 
constant” S) of about 
 at the radius 
of Earth’s orbit. (a) Assuming the Sun’s rays are 
parallel, what area must S be multiplied by to 
get the total radiation intercepted by Earth? It 
will be easiest to answer in terms of Earth’s 
radius, R. (b) Assume that Earth reflects about 
30% of the solar energy it intercepts. In other 
words, Earth has an albedo with a value of 
. In terms of S, A, and R, what is the rate 
at which Earth absorbs energy from the Sun? (c) 
Find the temperature at which Earth radiates 
energy at the same rate. Assume that at the 
infrared wavelengths where it radiates, the 
emissivity e is 1. Does your result show that the 
greenhouse effect is important? (d) How does 
your answer depend on the the area of Earth? 
129 . Let’s stop ignoring the greenhouse effect and 
incorporate it into the previous problem in a very 
rough way. Assume the atmosphere is a single 
layer, a spherical shell around Earth, with an 
emissivity 
 (chosen simply to give the 
right answer) at infrared wavelengths emitted by 
Earth and by the atmosphere. However, the 
atmosphere is transparent to the Sun’s radiation 
(that is, assume the radiation is at visible 
wavelengths with no infrared), so the Sun’s 
radiation reaches the surface. The greenhouse 
effect comes from the difference between the 
atmosphere’s transmission of visible light and its 
rather strong absorption of infrared. Note that 
the atmosphere’s radius is not significantly 
different from Earth’s, but since the atmosphere 
is a layer above Earth, it emits radiation both 
upward and downward, so it has twice Earth’s 
area. There are three radiative energy transfers 
in this problem: solar radiation absorbed by 
Earth’s surface; infrared radiation from the 
surface, which is absorbed by the atmosphere 
according to its emissivity; and infrared radiation 
from the atmosphere, half of which is absorbed 
by Earth and half of which goes out into space. 
Apply the method of the previous problem to get 
an equation for Earth’s surface and one for the 
atmosphere, and solve them for the two 
unknown temperatures, surface and 
atmosphere. 
a. In terms of Earth’s radius, the constant , 
and the unknown temperature 
 of the 
surface, what is the power of the infrared 
radiation from the surface? 
b. What is the power of Earth’s radiation 
absorbed by the atmosphere? 
c. In terms of the unknown temperature 
of the atmosphere, what is the power 
radiated from the atmosphere? 
d. Write an equation that says the power of 
60     1 • Chapter Review
Access for free at openstax.org"
The sign of the charge carriers in a doped semiconductor can be deduced by measuring which of the following properties?,1,1,BENAR,"volume charge density  amount of charge in an 
element of a three-dimensional charge distribution; 
its units are 
Key Equations 
Coulomb’s law 
Superposition of electric forces 
Electric force due to an electric field 
Electric field at point P 
Field of an infinite wire 
Field of an infinite plane 
Dipole moment 
Torque on dipole in external E-field 
Summary 
5.1 Electric Charge 
• There are only two types of charge, which we call 
positive and negative. Like charges repel, unlike 
charges attract, and the force between charges 
decreases with the square of the distance. 
• The vast majority of positive charge in nature is 
carried by protons, whereas the vast majority of 
negative charge is carried by electrons. The 
electric charge of one electron is equal in 
magnitude and opposite in sign to the charge of 
one proton. 
• An ion is an atom or molecule that has nonzero 
total charge due to having unequal numbers of 
electrons and protons. 
• The SI unit for charge is the coulomb (C), with 
protons and electrons having charges of opposite 
sign but equal magnitude; the magnitude of this 
basic charge is 
• Both positive and negative charges exist in 
neutral objects and can be separated by bringing 
the two objects into physical contact; rubbing the 
objects together can remove electrons from the 
bonds in one object and place them on the other 
object, increasing the charge separation. 
• For macroscopic objects, negatively charged 
means an excess of electrons and positively 
charged means a depletion of electrons. 
• The law of conservation of charge states that the 
net charge of a closed system is constant. 
5.2 Conductors, Insulators, and Charging by 
Induction 
• A conductor is a substance that allows charge to 
flow freely through its atomic structure. 
• An insulator holds charge fixed in place. 
• Polarization is the separation of positive and 
negative charges in a neutral object. Polarized 
objects have their positive and negative charges 
concentrated in different areas, giving them a 
charge distribution. 
5.3 Coulomb's Law 
• Coulomb’s law gives the magnitude of the force 
vector between point charges. It is 
where 
 and 
 are two point charges separated 
by a distance r. This Coulomb force is extremely 
basic, since most charges are due to point-like 
particles. It is responsible for all electrostatic 
effects and underlies most macroscopic forces. 
5.4 Electric Field 
• The electric field is an alteration of space caused 
by the presence of an electric charge. The 
electric field mediates the electric force between 
a source charge and a test charge. 
• The electric field, like the electric force, obeys 
the superposition principle 
• The field is a vector; by definition, it points away 
from positive charges and toward negative 
206     5 • Chapter Review
Access for free at openstax.org

---

charges. 
5.5 Calculating Electric Fields of Charge Distributions 
• A very large number of charges can be treated as 
a continuous charge distribution, where the 
calculation of the field requires integration. 
Common cases are: 
◦ one-dimensional (like a wire); uses a line 
charge density 
◦ two-dimensional (metal plate); uses surface 
charge density 
◦ three-dimensional (metal sphere); uses 
volume charge density 
• The “source charge” is a differential amount of 
charge dq. Calculating dq depends on the type of 
source charge distribution: 
• Symmetry of the charge distribution is usually 
key. 
• Important special cases are the field of an 
“infinite” wire and the field of an “infinite” plane. 
5.6 Electric Field Lines 
• Electric field diagrams assist in visualizing the 
field of a source charge. 
• The magnitude of the field is proportional to the 
field line density. 
• Field vectors are everywhere tangent to field 
lines. 
5.7 Electric Dipoles 
• If a permanent dipole is placed in an external 
electric field, it results in a torque that aligns it 
with the external field. 
• If a nonpolar atom (or molecule) is placed in an 
external field, it gains an induced dipole that is 
aligned with the external field. 
• The net field is the vector sum of the external 
field plus the field of the dipole (physical or 
induced). 
• The strength of the polarization is described by 
the dipole moment of the dipole, 
. 
Conceptual Questions 
5.1 Electric Charge 
1 . There are very large numbers of charged 
particles in most objects. Why, then, don’t most 
objects exhibit static electricity? 
2 . Why do most objects tend to contain nearly 
equal numbers of positive and negative charges? 
3 . A positively charged rod attracts a small piece of 
cork. (a) Can we conclude that the cork is 
negatively charged? (b) The rod repels another 
small piece of cork. Can we conclude that this 
piece is positively charged? 
4 . Two bodies attract each other electrically. Do 
they both have to be charged? Answer the same 
question if the bodies repel one another. 
5 . How would you determine whether the charge 
on a particular rod is positive or negative? 
5.2 Conductors, Insulators, and Charging by 
Induction 
6 . An eccentric inventor attempts to levitate a cork 
ball by wrapping it with foil and placing a large 
negative charge on the ball and then putting a 
large positive charge on the ceiling of his 
workshop. Instead, while attempting to place a 
large negative charge on the ball, the foil flies 
off. Explain. 
7 . When a glass rod is rubbed with silk, it becomes 
positive and the silk becomes negative—yet both 
attract dust. Does the dust have a third type of 
charge that is attracted to both positive and 
negative? Explain. 
8 . Why does a car always attract dust right after it 
is polished? (Note that car wax and car tires are 
insulators.) 
9 . Does the uncharged conductor shown below 
experience a net electric force? 
10 . While walking on a rug, a person frequently 
becomes charged because of the rubbing 
between their shoes and the rug. This charge 
then causes a spark and a slight shock when the 
5 • Chapter Review     207"
Which of the following ions CANNOT be used as a dopant in germanium to make an n-type semiconductor?,3,3,BENAR,"2.46 
Al 
4.08 
Pb 
4.14 
Zn 
4.31 
Fe 
4.50 
Cu 
4.70 
Ag 
4.73 
Pt

---

2.46 
Al 
4.08 
Pb 
4.14 
Zn 
4.31 
Fe 
4.50 
Cu 
4.70 
Ag 
4.73 
Pt"
An astronomer observes a very small moon orbiting a planet and measures the moon’s minimum and maximum distances from the planet’s center and the moon’s maximum orbital speed. Which of the following CANNOT be calculated from these measurements?,0,0,BENAR,"him to see if there are people on the moons of 
Jupiter. (a) What diameter mirror is needed to be 
able to see 1.00-m detail on a Jovian moon at a 
distance of 
 from Earth? The 
wavelength of light averages 600 nm. (b) What is 
unreasonable about this result? (c) Which 
assumptions are unreasonable or inconsistent? 
Challenge Problems 
118 . Blue light of wavelength 450 nm falls on a slit of 
width 0.25 mm. A converging lens of focal length 
20 cm is placed behind the slit and focuses the 
diffraction pattern on a screen. (a) How far is the 
screen from the lens? (b) What is the distance 
between the first and the third minima of the 
diffraction pattern? 
119 . (a) Assume that the maxima are halfway 
between the minima of a single-slit diffraction 
pattern. The use the diameter and 
circumference of the phasor diagram, as 
described in Intensity in Single-Slit Diffraction, 
to determine the intensities of the third and 
fourth maxima in terms of the intensity of the 
central maximum. (b) Do the same calculation, 
using Equation 4.4. 
120 . (a) By differentiating Equation 4.4, show that the 
higher-order maxima of the single-slit diffraction 
pattern occur at values of  that satisfy 
. (b) Plot 
 and 
 versus 
and find the intersections of these two curves. 
What information do they give you about the 
locations of the maxima? (c) Convince yourself 
that these points do not appear exactly at 
 where 
 but are 
quite close to these values. 
121 . What is the maximum number of lines per 
centimeter a diffraction grating can have and 
produce a complete first-order spectrum for 
visible light? 
122 . Show that a diffraction grating cannot produce a 
second-order maximum for a given wavelength 
of light unless the first-order maximum is at an 
angle less than 
. 
123 . A He-Ne laser beam is reflected from the 
surface of a CD onto a wall. The brightest spot is 
the reflected beam at an angle equal to the 
angle of incidence. However, fringes are also 
observed. If the wall is 1.50 m from the CD, and 
the first fringe is 0.600 m from the central 
maximum, what is the spacing of grooves on the 
CD? 
124 . Objects viewed through a microscope are placed 
very close to the focal point of the objective lens. 
Show that the minimum separation x of two 
objects resolvable through the microscope is 
given by 
where 
 is the focal length and D is the 
diameter of the objective lens as shown below. 
4.7 
172     4 • Chapter Review
Access for free at openstax.org

---

FIGURE 5.11 (a) The earthbound observer measures the proper distance between Earth and Alpha Centauri. (b) The astronaut observes a 
length contraction because Earth and Alpha Centauri move relative to her ship. She can travel this shorter distance in a smaller time (her 
proper time) without exceeding the speed of light. 
Strategy 
First, note that a light year (ly) is a convenient unit of distance on an astronomical scale—it is the distance light 
travels in a year. For part (a), the 4.300-ly distance between Alpha Centauri and Earth is the proper distance 
because it is measured by an earthbound observer to whom both stars are (approximately) stationary. To the 
astronaut, Earth and Alpha Centauri are moving past at the same velocity, so the distance between them is the 
contracted length L. In part (b), we are given 
 so we can find v by rearranging the definition of  to express v in 
terms of c. 
Solution for (a) 
For part (a): 
a. Identify the knowns: 
b. Identify the unknown: L. 
c. Express the answer as an equation: 
d. Do the calculation: 
Solution for (b) 
For part (b): 
a. Identify the known: 
b. Identify the unknown: v in terms of c. 
c. Express the answer as an equation. Start with: 
5.4 • Length Contraction
191"
A rod measures 1.00 m in its rest system. How fast must an observer move parallel to the rod to measure its length to be 0.80 m?,1,2,SALAH,"88 . A rod 3.0 m in length is rotating at 2.0 rev/s 
about an axis at one end. Compare the 
190     4 • Chapter Review
Access for free at openstax.org

---

Because the position of the clock in 
 is fixed, 
 and the time interval 
 becomes: 
d. Do the calculation. 
With 
 this gives: 
Note that the Lorentz transformation reproduces the time dilation equation. 
EXAMPLE 5.7 
Using the Lorentz Transformation for Length 
A surveyor measures a street to be 
 long in Earth frame S. Use the Lorentz transformation to obtain an 
expression for its length measured from a spaceship 
 moving by at speed 0.20c, assuming the x coordinates of 
the two frames coincide at time 
Solution 
a. Identify the known: 
b. Identify the unknown: 
c. Express the answer as an equation. The surveyor in frame S has measured the two ends of the stick 
simultaneously, and found them at rest at 
 and 
 a distance 
 apart. The spaceship 
crew measures the simultaneous location of the ends of the sticks in their frame. To relate the lengths 
recorded by observers in 
 and S, respectively, write the second of the four Lorentz transformation equations 
as: 
d. Do the calculation. Because 
 the length of the moving stick is equal to: 
EXAMPLE 5.8 
Lorentz Transformation and Simultaneity 
The observer shown in Figure 5.14 standing by the railroad tracks sees the two bulbs flash simultaneously at both 
ends of the 26 m long passenger car when the middle of the car passes him at a speed of c/2. Find the separation in 
time between when the bulbs flashed as seen by the train passenger seated in the middle of the car. 
196
5 • Relativity
Access for free at openstax.org"
"A proton moves in the +z-direction after being accelerated from rest through a potential difference V. The proton then passes through a region with a uniform electric field E in the +x-direction and a uniform magnetic field B in the +y-direction, but the proton’s trajectory is not affected. If the experiment were repeated using a potential difference of 2V, the proton would then be",1,3,SALAH,"From this equation we see that the acceleration vector has magnitude 
 and is directed opposite the position 
vector, toward the origin, because 
EXAMPLE 4.11 
Circular Motion of a Proton 
A proton has speed 
 and is moving in a circle in the xy plane of radius r = 0.175 m. What is its position 
in the xy plane at time 
 At t = 0, the position of the proton is 
 and it circles 
counterclockwise. Sketch the trajectory. 
Solution 
According to Equation 3.5, 
Since the period T is the time it takes an object to go once around a circle, and the distance around a circle is 2πr, we 
have: 
From the given data, the proton has period and angular frequency: 
The position of the particle at 
 with A = 0.175 m is 
From this result we see that the proton is located slightly below the x-axis. This is shown in Figure 4.21. 
4.30 
174
4 • Motion in Two and Three Dimensions
Access for free at openstax.org

---

FIGURE 4.21 Position vector of the proton at 
 The trajectory of the proton is shown. The angle through which 
the proton travels along the circle is 5.712 rad, which a little less than one complete revolution. 
Significance 
We picked the initial position of the particle to be on the x-axis. This was completely arbitrary. If a different starting 
position were given, we would have a different final position at t = 200 ns. 
Nonuniform Circular Motion 
Circular motion does not have to be at a constant speed. A particle can travel in a circle and speed up or slow down, 
showing an acceleration in the direction of the motion. 
In uniform circular motion, the particle executing circular motion has a constant speed and the circle is at a fixed 
radius. If the speed of the particle is changing as well, then we introduce an additional acceleration in the direction 
tangential to the circle. Such accelerations occur at a point on a top that is changing its spin rate, or any accelerating 
rotor. In Displacement and Velocity Vectors we showed that centripetal acceleration is the time rate of change of the 
direction of the velocity vector. If the speed of the particle is changing, then it has a tangential acceleration that is 
the time rate of change of the magnitude of the velocity: 
The direction of tangential acceleration is tangent to the circle whereas the direction of centripetal acceleration is 
radially inward toward the center of the circle. Thus, a particle in circular motion with a tangential acceleration has a 
total acceleration that is the vector sum of the centripetal and tangential accelerations: 
The acceleration vectors are shown in Figure 4.22. Note that the two acceleration vectors 
 and 
 are 
perpendicular to each other, with 
 in the radial direction and 
 in the tangential direction. The total acceleration 
 points at an angle between 
 and 
4.31 
4.32 
4.4 • Uniform and Nonuniform Circular Motion
175"
"A magnetic field is directed perpendicular to the plane of a circular coil of area 0.2 m^2 and 250 turns. If the magnetic field is increased from 0.01 T to 0.06 T during a time interval of 0.25 s, the average induced EMF in the coil is",3,2,SALAH,"13.1 Faraday’s Law 
546 
13.2 Lenz's Law 
550 
13.3 Motional Emf 
554 
13.4 Induced Electric Fields 
562 
13.5 Eddy Currents 
566 
13.6 Electric Generators and Back Emf 
570 
13.7 Applications of Electromagnetic Induction 
576 
Chapter Review 
578 
CHAPTER 14 
Inductance 
591 
Introduction 
591 
14.1 Mutual Inductance 
592 
14.2 Self-Inductance and Inductors 
595 
14.3 Energy in a Magnetic Field 
600 
14.4 RL Circuits 
602 
14.5 Oscillations in an LC Circuit 
607 
14.6 RLC Series Circuits 
610 
Chapter Review 
613 
CHAPTER 15 
Alternating-Current Circuits 
623 
Introduction 
623 
15.1 AC Sources 
624 
15.2 Simple AC Circuits 
625 
15.3 RLC Series Circuits with AC 
631 
15.4 Power in an AC Circuit 
636 
15.5 Resonance in an AC Circuit 
640

---

390 
Chapter Review 
396 
CHAPTER 10 
Direct-Current Circuits 
405 
Introduction 
405 
10.1 Electromotive Force 
406 
10.2 Resistors in Series and Parallel 
413 
10.3 Kirchhoff's Rules 
425 
10.4 Electrical Measuring Instruments 
437 
10.5 RC Circuits 
440 
10.6 Household Wiring and Electrical Safety 
446 
Chapter Review 
450 
CHAPTER 11 
Magnetic Forces and Fields 
463 
Introduction 
463 
11.1 Magnetism and Its Historical Discoveries 
464 
11.2 Magnetic Fields and Lines 
466 
11.3 Motion of a Charged Particle in a Magnetic Field 
470 
11.4 Magnetic Force on a Current-Carrying Conductor 
474 
11.5 Force and Torque on a Current Loop 
479 
11.6 The Hall Effect 
481 
11.7 Applications of Magnetic Forces and Fields 
484 
Chapter Review 
489 
CHAPTER 12 
Sources of Magnetic Fields 
501 
Introduction 
501 
12.1 The Biot-Savart Law 
502 
12.2 Magnetic Field Due to a Thin Straight Wire 
505 
12.3 Magnetic Force between Two Parallel Currents 
509 
12.4 Magnetic Field of a Current Loop 
511 
12.5 Ampère’s Law 
514 
12.6 Solenoids and Toroids 
520 
12.7 Magnetism in Matter 
525 
Chapter Review 
532 
CHAPTER 13 
Electromagnetic Induction 
545 
Introduction 
545"
Light of variable frequency shines on the metal surface of a photoelectric tube. Einstein’s theory of the photoelectric effect predicts that the,3,0,SALAH,"6.2 Photoelectric Effect 
LEARNING OBJECTIVES 
By the end of this section, you will be able to: 
• Describe physical characteristics of the photoelectric effect 
• Explain why the photoelectric effect cannot be explained by classical physics 
• Describe how Einstein’s idea of a particle of radiation explains the photoelectric effect 
When a metal surface is exposed to a monochromatic electromagnetic wave of sufficiently short wavelength (or 
equivalently, above a threshold frequency), the incident radiation is absorbed and the exposed surface emits 
electrons. This phenomenon is known as the photoelectric effect. Electrons that are emitted in this process are 
called photoelectrons. 
The experimental setup to study the photoelectric effect is shown schematically in Figure 6.8. The target material 
serves as the cathode, which becomes the emitter of photoelectrons when it is illuminated by monochromatic 
radiation. We call this electrode the photoelectrode. Photoelectrons are collected at the anode, which is kept at a 
higher potential with respect to the cathode. The potential difference between the electrodes can be increased or 
decreased, or its polarity can be reversed. The electrodes are enclosed in an evacuated glass tube so that 
photoelectrons do not lose their kinetic energy on collisions with air molecules in the space between electrodes. 
When the target material is not exposed to radiation, no current is registered in this circuit because the circuit is 
broken (note, there is a gap between the electrodes). But when the target material is connected to the negative 
terminal of a battery and exposed to radiation, a current is registered in this circuit; this current is called the 
photocurrent. Suppose that we now reverse the potential difference between the electrodes so that the target 
material now connects with the positive terminal of a battery, and then we slowly increase the voltage. The 
photocurrent gradually dies out and eventually stops flowing completely at some value of this reversed voltage. The 
potential difference at which the photocurrent stops flowing is called the stopping potential. 
FIGURE 6.8 An experimental setup to study the photoelectric effect. The anode and cathode are enclosed in an evacuated glass tube. The 
voltmeter measures the electric potential difference between the electrodes, and the ammeter measures the photocurrent. The incident 
radiation is monochromatic. 
240
6 • Photons and Matter Waves
Access for free at openstax.org

---

6.35 
TABLE 6.1 
In Einstein’s interpretation, interactions take place between individual electrons and individual photons. The 
absence of a lag time means that these one-on-one interactions occur instantaneously. This interaction time cannot 
be increased by lowering the light intensity. The light intensity corresponds to the number of photons arriving at the 
metal surface per unit time. Even at very low light intensities, the photoelectric effect still occurs because the 
interaction is between one electron and one photon. As long as there is at least one photon with enough energy to 
transfer it to a bound electron, a photoelectron will appear on the surface of the photoelectrode. 
The existence of the cut-off frequency 
 for the photoelectric effect follows from Equation 6.14 because the kinetic 
energy 
 of the photoelectron can take only positive values. This means that there must be some threshold 
frequency for which the kinetic energy is zero, 
 In this way, we obtain the explicit formula for cut-off 
frequency: 
Cut-off frequency depends only on the work function of the metal and is in direct proportion to it. When the work 
function is large (when electrons are bound fast to the metal surface), the energy of the threshold photon must be 
large to produce a photoelectron, and then the corresponding threshold frequency is large. Photons with 
frequencies larger than the threshold frequency 
 always produce photoelectrons because they have 
Photons with frequencies smaller than 
 do not have enough energy to produce photoelectrons. Therefore, when 
incident radiation has a frequency below the cut-off frequency, the photoelectric effect is not observed. Because 
frequency f and wavelength  of electromagnetic waves are related by the fundamental relation 
 (where  is 
the speed of light in vacuum), the cut-off frequency has its corresponding cut-off wavelength 
6.14 
6.15 
6.16 
6.2 • Photoelectric Effect
243


In this equation, 
 Our observations can be restated in the following equivalent way: When the 
incident radiation has wavelengths longer than the cut-off wavelength, the photoelectric effect does not occur. 
EXAMPLE 6.5 
Photoelectric Effect for Silver 
Radiation with wavelength 300 nm is incident on a silver surface. Will photoelectrons be observed? 
Strategy 
Photoelectrons can be ejected from the metal surface only when the incident radiation has a shorter wavelength 
than the cut-off wavelength. The work function of silver is 
 (Table 6.1). To make the estimate, we use 
Equation 6.16. 
Solution 
The threshold wavelength for observing the photoelectric effect in silver is 
The incident radiation has wavelength 300 nm, which is longer than the cut-off wavelength; therefore, 
photoelectrons are not observed. 
Significance 
If the photoelectrode were made of sodium instead of silver, the cut-off wavelength would be 504 nm and 
photoelectrons would be observed. 
Equation 6.14 in Einstein’s model tells us that the maximum kinetic energy of photoelectrons is a linear function of 
the frequency of incident radiation, which is illustrated in Figure 6.10. For any metal, the slope of this plot has a 
value of Planck’s constant. The intercept with the 
-axis gives us a value of the work function that is 
characteristic for the metal. On the other hand, 
 can be directly measured in the experiment by measuring the 
value of the stopping potential 
 (see Equation 6.12) at which the photocurrent stops. These direct 
measurements allow us to determine experimentally the value of Planck’s constant, as well as work functions of 
materials. 
Einstein’s model also gives a straightforward explanation for the photocurrent values shown in Figure 6.9. For 
example, doubling the intensity of radiation translates to doubling the number of photons that strike the surface per 
unit time. The larger the number of photons, the larger is the number of photoelectrons, which leads to a larger 
photocurrent in the circuit. This is how radiation intensity affects the photocurrent. The photocurrent must reach a 
plateau at some value of potential difference because, in unit time, the number of photoelectrons is equal to the 
number of incident photons and the number of incident photons does not depend on the applied potential 
difference at all, but only on the intensity of incident radiation. The stopping potential does not change with the 
radiation intensity because the kinetic energy of photoelectrons (see Equation 6.14) does not depend on the 
radiation intensity. 
EXAMPLE 6.6 
Work Function and Cut-Off Frequency 
When a 180-nm light is used in an experiment with an unknown metal, the measured photocurrent drops to zero at 
potential – 0.80 V. Determine the work function of the metal and its cut-off frequency for the photoelectric effect. 
Strategy 
To find the cut-off frequency 
 we use Equation 6.15, but first we must find the work function 
 To find 
 we use 
Equation 6.12 and Equation 6.14. Photocurrent drops to zero at the stopping value of potential, so we identify 
244
6 • Photons and Matter Waves
Access for free at openstax.org


Solution 
We use Equation 6.12 to find the kinetic energy of the photoelectrons: 
Now we solve Equation 6.14 for 
Finally, we use Equation 6.15 to find the cut-off frequency: 
Significance 
In calculations like the one shown in this example, it is convenient to use Planck’s constant in the units of 
 and 
express all energies in eV instead of joules. 
EXAMPLE 6.7 
The Photon Energy and Kinetic Energy of Photoelectrons 
A 430-nm violet light is incident on a calcium photoelectrode with a work function of 2.71 eV. 
Find the energy of the incident photons and the maximum kinetic energy of ejected electrons. 
Strategy 
The energy of the incident photon is 
 where we use 
 To obtain the maximum energy of the 
ejected electrons, we use Equation 6.16. 
Solution 
Significance 
In this experimental setup, photoelectrons stop flowing at the stopping potential of 0.17 V. 
CHECK YOUR UNDERSTANDING 6.6 
A yellow 589-nm light is incident on a surface whose work function is 1.20 eV. What is the stopping potential? What 
is the cut-off wavelength? 
CHECK YOUR UNDERSTANDING 6.7 
Cut-off frequency for the photoelectric effect in some materials is 
 When the incident light has a 
frequency of 
 the stopping potential is measured as – 0.16 V. Estimate a value of Planck’s constant 
from these data (in units 
 and 
) and determine the percentage error of your estimation. 
6.2 • Photoelectric Effect
245


6.3 The Compton Effect 
LEARNING OBJECTIVES 
By the end of this section, you will be able to: 
• Describe Compton’s experiment 
• Explain the Compton wavelength shift 
• Describe how experiments with X-rays confirm the particle nature of radiation 
Two of Einstein’s influential ideas introduced in 1905 were the theory of special relativity and the concept of a light 
quantum, which we now call a photon. Beyond 1905, Einstein went further to suggest that freely propagating 
electromagnetic waves consisted of photons that are particles of light in the same sense that electrons or other 
massive particles are particles of matter. A beam of monochromatic light of wavelength  (or equivalently, of 
frequency f) can be seen either as a classical wave or as a collection of photons that travel in a vacuum with one 
speed, c (the speed of light), and all carrying the same energy, 
 This idea proved useful for explaining the 
interactions of light with particles of matter. 
Momentum of a Photon 
Unlike a particle of matter that is characterized by its rest mass 
 a photon is massless. In a vacuum, unlike a 
particle of matter that may vary its speed but cannot reach the speed of light, a photon travels at only one speed, 
which is exactly the speed of light. From the point of view of Newtonian classical mechanics, these two 
characteristics imply that a photon should not exist at all. For example, how can we find the linear momentum or 
kinetic energy of a body whose mass is zero? This apparent paradox vanishes if we describe a photon as a 
relativistic particle. According to the theory of special relativity, any particle in nature obeys the relativistic energy 
equation 
This relation can also be applied to a photon. In Equation 6.17, E is the total energy of a particle, p is its linear 
momentum, and 
 is its rest mass. For a photon, we simply set 
 in this equation. This leads to the 
expression for the momentum 
 of a photon 
Here the photon’s energy 
 is the same as that of a light quantum of frequency f, which we introduced to explain 
the photoelectric effect: 
The wave relation that connects frequency f with wavelength  and speed c also holds for photons: 
Therefore, a photon can be equivalently characterized by either its energy and wavelength, or its frequency and 
momentum. Equation 6.19 and Equation 6.20 can be combined into the explicit relation between a photon’s 
momentum and its wavelength: 
Notice that this equation gives us only the magnitude of the photon’s momentum and contains no information about 
the direction in which the photon is moving. To include the direction, it is customary to write the photon’s 
momentum as a vector: 
6.17 
6.18 
6.19 
6.20 
6.21 
246
6 • Photons and Matter Waves
Access for free at openstax.org


In Equation 6.22, ℏ
 is the reduced Planck’s constant (pronounced “h-bar”), which is just Planck’s 
constant divided by the factor 
 Vector 
 is called the “wave vector” or propagation vector (the direction in which 
a photon is moving). The propagation vector shows the direction of the photon’s linear momentum vector. The 
magnitude of the wave vector is 
 and is called the wave number. Notice that this equation does not 
introduce any new physics. We can verify that the magnitude of the vector in Equation 6.22 is the same as that given 
by Equation 6.18. 
The Compton Effect 
The Compton effect is the term used for an unusual result observed when X-rays are scattered on some materials. 
By classical theory, when an electromagnetic wave is scattered off atoms, the wavelength of the scattered radiation 
is expected to be the same as the wavelength of the incident radiation. Contrary to this prediction of classical 
physics, observations show that when X-rays are scattered off some materials, such as graphite, the scattered X-
rays have different wavelengths from the wavelength of the incident X-rays. This classically unexplainable 
phenomenon was studied experimentally by Arthur H. Compton and his collaborators, and Compton gave its 
explanation in 1923. 
To explain the shift in wavelengths measured in the experiment, Compton used Einstein’s idea of light as a particle. 
The Compton effect has a very important place in the history of physics because it shows that electromagnetic 
radiation cannot be explained as a purely wave phenomenon. The explanation of the Compton effect gave a 
convincing argument to the physics community that electromagnetic waves can indeed behave like a stream of 
photons, which placed the concept of a photon on firm ground. 
The schematics of Compton’s experimental setup are shown in Figure 6.11. The idea of the experiment is 
straightforward: Monochromatic X-rays with wavelength  are incident on a sample of graphite (the “target”), where 
they interact with atoms inside the sample; they later emerge as scattered X-rays with wavelength 
 A detector 
placed behind the target can measure the intensity of radiation scattered in any direction  with respect to the 
direction of the incident X-ray beam. This scattering angle, 
 is the angle between the direction of the scattered 
beam and the direction of the incident beam. In this experiment, we know the intensity and the wavelength  of the 
incoming (incident) beam; and for a given scattering angle 
 we measure the intensity and the wavelength 
 of the 
outgoing (scattered) beam. Typical results of these measurements are shown in Figure 6.12, where the x-axis is the 
wavelength of the scattered X-rays and the y-axis is the intensity of the scattered X-rays, measured for different 
scattering angles (indicated on the graphs). For all scattering angles (except for 
 we measure two intensity 
peaks. One peak is located at the wavelength 
 which is the wavelength of the incident beam. The other peak is 
located at some other wavelength, 
 The two peaks are separated by 
 which depends on the scattering angle 
of the outgoing beam (in the direction of observation). The separation 
 is called the Compton shift. 
FIGURE 6.11 Experimental setup for studying Compton scattering. 
ℏ
6.22 
6.3 • The Compton Effect
247


FIGURE 6.12 Experimental data show the Compton effect for X-rays scattering off graphite at various angles: The intensity of the scattered 
beam has two peaks. One peak appears at the wavelength  of the incident radiation and the second peak appears at wavelength 
 The 
separation 
 between the peaks depends on the scattering angle 
 which is the angular position of the detector in Figure 6.11. The 
experimental data in this figure are plotted in arbitrary units so that the height of the profile reflects the intensity of the scattered beam 
above background noise. 
Compton Shift 
As given by Compton, the explanation of the Compton shift is that in the target material, graphite, valence electrons 
are loosely bound in the atoms and behave like free electrons. Compton assumed that the incident X-ray radiation is 
a stream of photons. An incoming photon in this stream collides with a valence electron in the graphite target. In the 
course of this collision, the incoming photon transfers some part of its energy and momentum to the target electron 
and leaves the scene as a scattered photon. This model explains in qualitative terms why the scattered radiation has 
a longer wavelength than the incident radiation. Put simply, a photon that has lost some of its energy emerges as a 
photon with a lower frequency, or equivalently, with a longer wavelength. To show that his model was correct, 
Compton used it to derive the expression for the Compton shift. In his derivation, he assumed that both photon and 
electron are relativistic particles and that the collision obeys two commonsense principles: (1) the conservation of 
linear momentum and (2) the conservation of total relativistic energy. 
In the following derivation of the Compton shift, 
 and 
 denote the energy and momentum, respectively, of an 
incident photon with frequency f. The photon collides with a relativistic electron at rest, which means that 
immediately before the collision, the electron’s energy is entirely its rest mass energy, 
 Immediately after the 
collision, the electron has energy E and momentum 
 both of which satisfy Equation 6.19. Immediately after the 
collision, the outgoing photon has energy 
 momentum 
 and frequency 
 The direction of the incident 
photon is horizontal from left to right, and the direction of the outgoing photon is at the angle 
 as illustrated in 
Figure 6.11. The scattering angle  is the angle between the momentum vectors 
 and 
 and we can write 
their scalar product: 
Following Compton’s argument, we assume that the colliding photon and electron form an isolated system. This 
assumption is valid for weakly bound electrons that, to a good approximation, can be treated as free particles. Our 
first equation is the conservation of energy for the photon-electron system: 
The left side of this equation is the energy of the system at the instant immediately before the collision, and the right 
side of the equation is the energy of the system at the instant immediately after the collision. Our second equation is 
the conservation of linear momentum for the photon–electron system where the electron is at rest at the instant 
immediately before the collision: 
The left side of this equation is the momentum of the system right before the collision, and the right side of the 
equation is the momentum of the system right after collision. The entire physics of Compton scattering is contained 
6.23 
6.24 
6.25 
248
6 • Photons and Matter Waves
Access for free at openstax.org


in these three preceding equations––the remaining part is algebra. At this point, we could jump to the concluding 
formula for the Compton shift, but it is beneficial to highlight the main algebraic steps that lead to Compton’s 
formula, which we give here as follows. 
We start with rearranging the terms in Equation 6.24 and squaring it: 
In the next step, we substitute Equation 6.19 for 
 simplify, and divide both sides by 
 to obtain 
Now we can use Equation 6.21 to express this form of the energy equation in terms of momenta. The result is 
To eliminate 
 we turn to the momentum equation Equation 6.25, rearrange its terms, and square it to obtain 
The product of the momentum vectors is given by Equation 6.23. When we substitute this result for 
 in Equation 
6.26, we obtain the energy equation that contains the scattering angle 
With further algebra, this result can be simplified to 
Now recall Equation 6.21 and write: 
 and 
 When these relations are substituted into 
Equation 6.27, we obtain the relation for the Compton shift: 
The factor 
 is called the Compton wavelength of the electron: 
Denoting the shift as 
 the concluding result can be rewritten as 
This formula for the Compton shift describes outstandingly well the experimental results shown in Figure 6.12. 
Scattering data measured for molybdenum, graphite, calcite, and many other target materials are in accord with this 
theoretical result. The nonshifted peak shown in Figure 6.12 is due to photon collisions with tightly bound inner 
electrons in the target material. Photons that collide with the inner electrons of the target atoms in fact collide with 
the entire atom. In this extreme case, the rest mass in Equation 6.29 must be changed to the rest mass of the atom. 
This type of shift is four orders of magnitude smaller than the shift caused by collisions with electrons and is so 
small that it can be neglected. 
Compton scattering is an example of inelastic scattering, in which the scattered radiation has a longer wavelength 
than the wavelength of the incident radiation. In today’s usage, the term “Compton scattering” is used for the 
inelastic scattering of photons by free, charged particles. In Compton scattering, treating photons as particles with 
momenta that can be transferred to charged particles provides the theoretical background to explain the 
wavelength shifts measured in experiments; this is the evidence that radiation consists of photons. 
6.26 
6.27 
6.28 
6.29 
6.30 
6.3 • The Compton Effect
249


EXAMPLE 6.8 
Compton Scattering 
An incident 71-pm X-ray is incident on a calcite target. Find the wavelength of the X-ray scattered at a 
 angle. 
What is the largest shift that can be expected in this experiment? 
Strategy 
To find the wavelength of the scattered X-ray, first we must find the Compton shift for the given scattering angle, 
 We use Equation 6.30. Then we add this shift to the incident wavelength to obtain the scattered 
wavelength. The largest Compton shift occurs at the angle  when 
 has the largest value, which is for the 
angle 
Solution 
The shift at 
 is 
This gives the scattered wavelength: 
The largest shift is 
Significance 
The largest shift in wavelength is detected for the backscattered radiation; however, most of the photons from the 
incident beam pass through the target and only a small fraction of photons gets backscattered (typically, less than 
5%). Therefore, these measurements require highly sensitive detectors. 
CHECK YOUR UNDERSTANDING 6.8 
An incident 71-pm X-ray is incident on a calcite target. Find the wavelength of the X-ray scattered at a 
 angle. 
What is the smallest shift that can be expected in this experiment? 
6.4 Bohr’s Model of the Hydrogen Atom 
LEARNING OBJECTIVES 
By the end of this section, you will be able to: 
• Explain the difference between the absorption spectrum and the emission spectrum of radiation emitted 
by atoms 
• Describe the Rutherford gold foil experiment and the discovery of the atomic nucleus 
• Explain the atomic structure of hydrogen 
• Describe the postulates of the early quantum theory for the hydrogen atom 
• Summarize how Bohr’s quantum model of the hydrogen atom explains the radiation spectrum of atomic 
hydrogen 
Historically, Bohr’s model of the hydrogen atom is the very first model of atomic structure that correctly explained 
the radiation spectra of atomic hydrogen. The model has a special place in the history of physics because it 
introduced an early quantum theory, which brought about new developments in scientific thought and later 
culminated in the development of quantum mechanics. To understand the specifics of Bohr’s model, we must first 
review the nineteenth-century discoveries that prompted its formulation. 
When we use a prism to analyze white light coming from the sun, several dark lines in the solar spectrum are 
observed (Figure 6.13). Solar absorption lines are called Fraunhofer lines after Joseph von Fraunhofer, who 
accurately measured their wavelengths. During 1854–1861, Gustav Kirchhoff and Robert Bunsen discovered that 
250
6 • Photons and Matter Waves
Access for free at openstax.org


for the various chemical elements, the line emission spectrum of an element exactly matches its line absorption 
spectrum. The difference between the absorption spectrum and the emission spectrum is explained in Figure 6.14. 
An absorption spectrum is observed when light passes through a gas. This spectrum appears as black lines that 
occur only at certain wavelengths on the background of the continuous spectrum of white light (Figure 6.13). The 
missing wavelengths tell us which wavelengths of the radiation are absorbed by the gas. The emission spectrum is 
observed when light is emitted by a gas. This spectrum is seen as colorful lines on the black background (see Figure 
6.15 and Figure 6.16). Positions of the emission lines tell us which wavelengths of the radiation are emitted by the 
gas. Each chemical element has its own characteristic emission spectrum. For each element, the positions of its 
emission lines are exactly the same as the positions of its absorption lines. This means that atoms of a specific 
element absorb radiation only at specific wavelengths and radiation that does not have these wavelengths is not 
absorbed by the element at all. This also means that the radiation emitted by atoms of each element has exactly the 
same wavelengths as the radiation they absorb. 
FIGURE 6.13 In the solar emission spectrum in the visible range from 380 nm to 710 nm, Fraunhofer lines are observed as vertical black 
lines at specific spectral positions in the continuous spectrum. Highly sensitive modern instruments observe thousands of such lines. 
FIGURE 6.14 Observation of line spectra: (a) setup to observe absorption lines; (b) setup to observe emission lines. (a) White light passes 
through a cold gas that is contained in a glass flask. A prism is used to separate wavelengths of the passed light. In the spectrum of the 
passed light, some wavelengths are missing, which are seen as black absorption lines in the continuous spectrum on the viewing screen. 
(b) A gas is contained in a glass discharge tube that has electrodes at its ends. At a high potential difference between the electrodes, the 
gas glows and the light emitted from the gas passes through the prism that separates its wavelengths. In the spectrum of the emitted light, 
only specific wavelengths are present, which are seen as colorful emission lines on the screen. 
FIGURE 6.15 The emission spectrum of atomic hydrogen: The spectral positions of emission lines are characteristic for hydrogen atoms. 
(credit: “Merikanto”/Wikimedia Commons) 
6.4 • Bohr’s Model of the Hydrogen Atom
251


FIGURE 6.16 The emission spectrum of atomic iron: The spectral positions of emission lines are characteristic for iron atoms. 
By observing the spectra from starlight and applying additional knowledge and calculations, astronomers can 
determine the makeup of objects millions of light-years away. In the 1920s, Cecilia Payne-Gaposchkin undertook a 
thorough analysis of a collection of stellar spectra that had been organized by astronomer Annie Jump Cannon. Up 
until that point, many researchers believed that stars — particularly the sun — were made up of similar elements to 
Earth, based in part on the spectral analysis. But Payne-Gaposchkin knew that Indian physicist Meghnad Saha had 
developed a method to calculate stellar ionization to obtain an accurate measure of star temperatures. After 
applying the Saha equation to the data at hand, Payne-Gaposchkin published a monumental paper demonstrating 
that stars were mostly made of hydrogen and helium, and that hydrogen was the most abundant element in the 
universe. Initially rejected, her work was soon proven to be true. 
Emission spectra of the elements have complex structures; they become even more complex for elements with 
higher atomic numbers. The simplest spectrum, shown in Figure 6.15, belongs to the hydrogen atom. Only four lines 
are visible to the human eye. As you read from right to left in Figure 6.15, these lines are: red (656 nm), called the 
H-  line; aqua (486 nm), blue (434 nm), and violet (410 nm). The lines with wavelengths shorter than 400 nm 
appear in the ultraviolet part of the spectrum (Figure 6.15, far left) and are invisible to the human eye. There are 
infinitely many invisible spectral lines in the series for hydrogen. 
An empirical formula to describe the positions (wavelengths)  of the hydrogen emission lines in this series was 
discovered in 1885 by Johann Balmer. It is known as the Balmer formula: 
The constant 
 is called the Rydberg constant for hydrogen. In Equation 6.31, the 
positive integer n takes on values 
 for the four visible lines in this series. The series of emission lines 
given by the Balmer formula is called the Balmer series for hydrogen. Other emission lines of hydrogen that were 
discovered in the twentieth century are described by the Rydberg formula, which summarizes all of the 
experimental data: 
When 
 the series of spectral lines is called the Lyman series. When 
 the series is called the Balmer 
series, and in this case, the Rydberg formula coincides with the Balmer formula. When 
 the series is called 
the Paschen series. When 
 the series is called the Brackett series. When 
 the series is called the 
Pfund series. When 
 we have the Humphreys series. As you may guess, there are infinitely many such 
spectral bands in the spectrum of hydrogen because 
 can be any positive integer number. 
The Rydberg formula for hydrogen gives the exact positions of the spectral lines as they are observed in a 
laboratory; however, at the beginning of the twentieth century, nobody could explain why it worked so well. The 
Rydberg formula remained unexplained until the first successful model of the hydrogen atom was proposed in 1913. 
EXAMPLE 6.9 
Limits of the Balmer Series 
Calculate the longest and the shortest wavelengths in the Balmer series. 
6.31 
6.32 
252
6 • Photons and Matter Waves
Access for free at openstax.org


Strategy 
We can use either the Balmer formula or the Rydberg formula. The longest wavelength is obtained when 
 is 
largest, which is when 
 because 
 for the Balmer series. The smallest wavelength is obtained 
when 
 is smallest, which is 
 when 
∞
Solution 
The long-wave limit: 
The short-wave limit: 
Significance 
Note that there are infinitely many spectral lines lying between these two limits. 
CHECK YOUR UNDERSTANDING 6.9 
What are the limits of the Lyman series? Can you see these spectral lines? 
The key to unlocking the mystery of atomic spectra is in understanding atomic structure. Scientists have long known 
that matter is made of atoms. According to nineteenth-century science, atoms are the smallest indivisible quantities 
of matter. This scientific belief was shattered by a series of groundbreaking experiments that proved the existence 
of subatomic particles, such as electrons, protons, and neutrons. 
The electron was discovered and identified as the smallest quantity of electric charge by J.J. Thomson in 1897 in his 
cathode ray experiments, also known as β-ray experiments: A β-ray is a beam of electrons. In 1904, Thomson 
proposed the first model of atomic structure, known as the “plum pudding” model, in which an atom consisted of an 
unknown positively charged matter with negative electrons embedded in it like plums in a pudding. Around 1900, E. 
Rutherford, and independently, Paul Ulrich Villard, classified all radiation known at that time as -rays, β-rays, and 
γ-rays (a γ-ray is a beam of highly energetic photons). In 1907, Rutherford and Thomas Royds used spectroscopy 
methods to show that positively charged particles of -radiation (called -particles) are in fact doubly ionized 
atoms of helium. In 1909, Rutherford, Ernest Marsden, and Hans Geiger used -particles in their famous scattering 
experiment that disproved Thomson’s model (see Linear Momentum and Collisions (http://openstax.org/books/
university-physics-volume-1/pages/9-introduction)). 
In the Rutherford gold foil experiment (also known as the Geiger–Marsden experiment), -particles were incident 
on a thin gold foil and were scattered by gold atoms inside the foil (see Types of Collisions (http://openstax.org/
books/university-physics-volume-1/pages/9-4-types-of-collisions)). The outgoing particles were detected by a 
 scintillation screen surrounding the gold target (for a detailed description of the experimental setup, see Linear 
Momentum and Collisions (http://openstax.org/books/university-physics-volume-1/pages/9-introduction)). When a 
scattered particle struck the screen, a tiny flash of light (scintillation) was observed at that location. By counting the 
scintillations seen at various angles with respect to the direction of the incident beam, the scientists could 
determine what fraction of the incident particles were scattered and what fraction were not deflected at all. If the 
plum pudding model were correct, there would be no back-scattered -particles. However, the results of the 
Rutherford experiment showed that, although a sizable fraction of -particles emerged from the foil not scattered at 
all as though the foil were not in their way, a significant fraction of -particles were back-scattered toward the 
source. This kind of result was possible only when most of the mass and the entire positive charge of the gold atom 
were concentrated in a tiny space inside the atom. 
In 1911, Rutherford proposed a nuclear model of the atom. In Rutherford’s model, an atom contained a positively 
6.4 • Bohr’s Model of the Hydrogen Atom
253


charged nucleus of negligible size, almost like a point, but included almost the entire mass of the atom. The atom 
also contained negative electrons that were located within the atom but relatively far away from the nucleus. Ten 
years later, Rutherford coined the name proton for the nucleus of hydrogen and the name neutron for a hypothetical 
electrically neutral particle that would mediate the binding of positive protons in the nucleus (the neutron was 
discovered in 1932 by James Chadwick). Rutherford is credited with the discovery of the atomic nucleus; however, 
the Rutherford model of atomic structure does not explain the Rydberg formula for the hydrogen emission lines. 
Bohr’s model of the hydrogen atom, proposed by Niels Bohr in 1913, was the first quantum model that correctly 
explained the hydrogen emission spectrum. Bohr’s model combines the classical mechanics of planetary motion 
with the quantum concept of photons. Once Rutherford had established the existence of the atomic nucleus, Bohr’s 
intuition that the negative electron in the hydrogen atom must revolve around the positive nucleus became a logical 
consequence of the inverse-square-distance law of electrostatic attraction. Recall that Coulomb’s law describing 
the attraction between two opposite charges has a similar form to Newton’s universal law of gravitation in the sense 
that the gravitational force and the electrostatic force are both decreasing as 
 where r is the separation 
distance between the bodies. In the same way as Earth revolves around the sun, the negative electron in the 
hydrogen atom can revolve around the positive nucleus. However, an accelerating charge radiates its energy. 
Classically, if the electron moved around the nucleus in a planetary fashion, it would be undergoing centripetal 
acceleration, and thus would be radiating energy that would cause it to spiral down into the nucleus. Such a 
planetary hydrogen atom would not be stable, which is contrary to what we know about ordinary hydrogen atoms 
that do not disintegrate. Moreover, the classical motion of the electron is not able to explain the discrete emission 
spectrum of hydrogen. 
To circumvent these two difficulties, Bohr proposed the following three postulates of Bohr’s model: 
1. The negative electron moves around the positive nucleus (proton) in a circular orbit. All electron orbits are 
centered at the nucleus. Not all classically possible orbits are available to an electron bound to the nucleus. 
2. The allowed electron orbits satisfy the first quantization condition: In the nth orbit, the angular momentum 
of the electron can take only discrete values: 
This postulate says that the electron’s angular momentum is quantized. Denoted by 
 and 
 respectively, 
the radius of the nth orbit and the electron’s speed in it, the first quantization condition can be expressed 
explicitly as 
3. An electron is allowed to make transitions from one orbit where its energy is 
 to another orbit where its 
energy is 
 When an atom absorbs a photon, the electron makes a transition to a higher-energy orbit. When 
an atom emits a photon, the electron transits to a lower-energy orbit. Electron transitions with the 
simultaneous photon absorption or photon emission take place instantaneously. The allowed electron 
transitions satisfy the second quantization condition: 
where 
 is the energy of either an emitted or an absorbed photon with frequency f. The second quantization 
condition states that an electron’s change in energy in the hydrogen atom is quantized. 
These three postulates of the early quantum theory of the hydrogen atom allow us to derive not only the Rydberg 
formula, but also the value of the Rydberg constant and other important properties of the hydrogen atom such as its 
energy levels, its ionization energy, and the sizes of electron orbits. Note that in Bohr’s model, along with two 
nonclassical quantization postulates, we also have the classical description of the electron as a particle that is 
subjected to the Coulomb force, and its motion must obey Newton’s laws of motion. The hydrogen atom, as an 
isolated system, must obey the laws of conservation of energy and momentum in the way we know from classical 
physics. Having this theoretical framework in mind, we are ready to proceed with our analysis. 
ℏ
6.33 
ℏ
6.34 
6.35 
254
6 • Photons and Matter Waves
Access for free at openstax.org


Electron Orbits 
To obtain the size 
 of the electron’s nth orbit and the electron’s speed 
 in it, we turn to Newtonian mechanics. 
As a charged particle, the electron experiences an electrostatic pull toward the positively charged nucleus in the 
center of its circular orbit. This electrostatic pull is the centripetal force that causes the electron to move in a circle 
around the nucleus. Therefore, the magnitude of centripetal force is identified with the magnitude of the 
electrostatic force: 
Here,  denotes the value of the elementary charge. The negative electron and positive proton have the same value 
of charge, 
 When Equation 6.36 is combined with the first quantization condition given by Equation 6.34, we 
can solve for the speed, 
 and for the radius, 
Note that these results tell us that the electron’s speed as well as the radius of its orbit depend only on the index n 
that enumerates the orbit because all other quantities in the preceding equations are fundamental constants. We 
see from Equation 6.38 that the size of the orbit grows as the square of n. This means that the second orbit is four 
times as large as the first orbit, and the third orbit is nine times as large as the first orbit, and so on. We also see 
from Equation 6.37 that the electron’s speed in the orbit decreases as the orbit size increases. The electron’s speed 
is largest in the first Bohr orbit, for 
 which is the orbit closest to the nucleus. The radius of the first Bohr orbit 
is called the Bohr radius of hydrogen, denoted as 
 Its value is obtained by setting 
 in Equation 6.38: 
We can substitute 
 in Equation 6.38 to express the radius of the nth orbit in terms of 
This result means that the electron orbits in hydrogen atom are quantized because the orbital radius takes on only 
specific values of 
 given by Equation 6.40, and no other values are allowed. 
Electron Energies 
The total energy 
 of an electron in the nth orbit is the sum of its kinetic energy 
 and its electrostatic potential 
energy 
 Utilizing Equation 6.37, we find that 
Recall that the electrostatic potential energy of interaction between two charges 
 and 
 that are separated by a 
distance 
 is 
 Here, 
 is the charge of the nucleus in the hydrogen atom (the charge of 
the proton), 
 is the charge of the electron and 
 is the radius of the nth orbit. Now we use Equation 
6.38 to find the potential energy of the electron: 
6.36 
ℏ
6.37 
ℏ
6.38 
ℏ
6.39 
6.40 
ℏ
6.41 
ℏ
6.42 
6.4 • Bohr’s Model of the Hydrogen Atom
255


The total energy of the electron is the sum of Equation 6.41 and Equation 6.42: 
Note that the energy depends only on the index n because the remaining symbols in Equation 6.43 are physical 
constants. The value of the constant factor in Equation 6.43 is 
It is convenient to express the electron’s energy in the nth orbit in terms of this energy, as 
Now we can see that the electron energies in the hydrogen atom are quantized because they can have only discrete 
values of 
 given by Equation 6.45, and no other energy values are allowed. This 
set of allowed electron energies is called the energy spectrum of hydrogen (Figure 6.17). The index n that 
enumerates energy levels in Bohr’s model is called the energy quantum number. We identify the energy of the 
electron inside the hydrogen atom with the energy of the hydrogen atom. Note that the smallest value of energy is 
obtained for 
 so the hydrogen atom cannot have energy smaller than that. This smallest value of the electron 
energy in the hydrogen atom is called the ground state energy of the hydrogen atom and its value is 
The hydrogen atom may have other energies that are higher than the ground state. These higher energy states are 
known as excited energy states of a hydrogen atom. 
There is only one ground state, but there are infinitely many excited states because there are infinitely many values 
of n in Equation 6.45. We say that the electron is in the “first exited state” when its energy is 
 (when 
), the 
second excited state when its energy is 
 (when 
) and, in general, in the nth exited state when its energy is 
 There is no highest-of-all excited state; however, there is a limit to the sequence of excited states. If we keep 
increasing n in Equation 6.45, we find that the limit is 
∞
 In this limit, the electron is no longer 
bound to the nucleus but becomes a free electron. An electron remains bound in the hydrogen atom as long as its 
energy is negative. An electron that orbits the nucleus in the first Bohr orbit, closest to the nucleus, is in the ground 
state, where its energy has the smallest value. In the ground state, the electron is most strongly bound to the 
nucleus and its energy is given by Equation 6.46. If we want to remove this electron from the atom, we must supply 
it with enough energy, ∞ to at least balance out its ground state energy 
The energy that is needed to remove the electron from the atom is called the ionization energy. The ionization 
energy ∞ that is needed to remove the electron from the first Bohr orbit is called the ionization limit of the 
hydrogen atom. The ionization limit in Equation 6.47 that we obtain in Bohr’s model agrees with experimental 
value. 
ℏ
6.43 
ℏ
6.44 
6.45 
6.46 
∞
∞
6.47 
256
6 • Photons and Matter Waves
Access for free at openstax.org


FIGURE 6.17 The energy spectrum of the hydrogen atom. Energy levels (horizontal lines) represent the bound states of an electron in the 
atom. There is only one ground state, 
 and infinite quantized excited states. The states are enumerated by the quantum number 
 Vertical lines illustrate the allowed electron transitions between the states. Downward arrows illustrate transitions with 
an emission of a photon with a wavelength in the indicated spectral band. 
Spectral Emission Lines of Hydrogen 
To obtain the wavelengths of the emitted radiation when an electron makes a transition from the nth orbit to the mth 
orbit, we use the second of Bohr’s quantization conditions and Equation 6.45 for energies. The emission of energy 
from the atom can occur only when an electron makes a transition from an excited state to a lower-energy state. In 
the course of such a transition, the emitted photon carries away the difference of energies between the states 
involved in the transition. The transition cannot go in the other direction because the energy of a photon cannot be 
negative, which means that for emission we must have 
 and 
 Therefore, the third of Bohr’s 
postulates gives 
Now we express the photon’s energy in terms of its wavelength, 
 and divide both sides of Equation 6.48 
by 
 The result is 
The value of the constant in this equation is 
6.48 
6.49 
6.4 • Bohr’s Model of the Hydrogen Atom
257


This value is exactly the Rydberg constant 
 in the Rydberg heuristic formula Equation 6.32. In fact, Equation 6.49 
is identical to the Rydberg formula, because for a given m, we have 
 In this way, the Bohr 
quantum model of the hydrogen atom allows us to derive the experimental Rydberg constant from first principles 
and to express it in terms of fundamental constants. Transitions between the allowed electron orbits are illustrated 
in Figure 6.17. 
We can repeat the same steps that led to Equation 6.49 to obtain the wavelength of the absorbed radiation; this 
again gives Equation 6.49 but this time for the positions of absorption lines in the absorption spectrum of hydrogen. 
The only difference is that for absorption, the quantum number m is the index of the orbit occupied by the electron 
before the transition (lower-energy orbit) and the quantum number n is the index of the orbit to which the electron 
makes the transition (higher-energy orbit). The difference between the electron energies in these two orbits is the 
energy of the absorbed photon. 
EXAMPLE 6.10 
Size and Ionization Energy of the Hydrogen Atom in an Excited State 
If a hydrogen atom in the ground state absorbs a 93.7-nm photon, corresponding to a transition line in the Lyman 
series, how does this affect the atom’s energy and size? How much energy is needed to ionize the atom when it is in 
this excited state? Give your answers in absolute units, and relative to the ground state. 
Strategy 
Before the absorption, the atom is in its ground state. This means that the electron transition takes place from the 
orbit 
 to some higher nth orbit. First, we must determine  for the absorbed wavelength 
 Then, 
we can use Equation 6.45 to find the energy 
 of the excited state and its ionization energy ∞
 and use 
Equation 6.40 to find the radius 
 of the atom in the excited state. To estimate n, we use Equation 6.49. 
Solution 
Substitute 
 and 
 in Equation 6.49 and solve for 
 You should not expect to obtain a perfect 
integer answer because of rounding errors, but your answer will be close to an integer, and you can estimate n by 
taking the integral part of your answer: 
The radius of the 
 orbit is 
Thus, after absorbing the 93.7-nm photon, the size of the hydrogen atom in the excited 
 state is 36 times 
larger than before the absorption, when the atom was in the ground state. The energy of the fifth excited state 
(
) is: 
After absorbing the 93.7-nm photon, the energy of the hydrogen atom is larger than it was before the absorption. 
Ionization of the atom when it is in the fifth excited state (
) requites 36 times less energy than is needed when 
the atom is in the ground state: 
∞
6.50 
258
6 • Photons and Matter Waves
Access for free at openstax.org


Significance 
We can analyze any spectral line in the spectrum of hydrogen in the same way. Thus, the experimental 
measurements of spectral lines provide us with information about the atomic structure of the hydrogen atom. 
CHECK YOUR UNDERSTANDING 6.10 
When an electron in a hydrogen atom is in the first excited state, what prediction does the Bohr model give about its 
orbital speed and kinetic energy? What is the magnitude of its orbital angular momentum? 
Bohr’s model of the hydrogen atom also correctly predicts the spectra of some hydrogen-like ions. Hydrogen-like 
ions are atoms of elements with an atomic number Z larger than one (
 for hydrogen) but with all electrons 
removed except one. For example, an electrically neutral helium atom has an atomic number 
 This means it 
has two electrons orbiting the nucleus with a charge of 
 When one of the orbiting electrons is removed 
from the helium atom (we say, when the helium atom is singly ionized), what remains is a hydrogen-like atomic 
structure where the remaining electron orbits the nucleus with a charge of 
 This type of situation is 
described by the Bohr model. Assuming that the charge of the nucleus is not 
 but 
 we can repeat all steps, 
beginning with Equation 6.36, to obtain the results for a hydrogen-like ion: 
where 
 is the Bohr orbit of hydrogen, and 
where 
 is the ionization limit of a hydrogen atom. These equations are good approximations as long as the atomic 
number Z is not too large. 
The Bohr model is important because it was the first model to postulate the quantization of electron orbits in atoms. 
Thus, it represents an early quantum theory that gave a start to developing modern quantum theory. It introduced 
the concept of a quantum number to describe atomic states. The limitation of the early quantum theory is that it 
cannot describe atoms in which the number of electrons orbiting the nucleus is larger than one. The Bohr model of 
hydrogen is a semi-classical model because it combines the classical concept of electron orbits with the new 
concept of quantization. The remarkable success of this model prompted many physicists to seek an explanation for 
why such a model should work at all, and to seek an understanding of the physics behind the postulates of early 
quantum theory. This search brought about the onset of an entirely new concept of “matter waves.” 
6.5 De Broglie’s Matter Waves 
LEARNING OBJECTIVES 
By the end of this section, you will be able to: 
• Describe de Broglie’s hypothesis of matter waves 
• Explain how the de Broglie’s hypothesis gives the rationale for the quantization of angular momentum in 
Bohr’s quantum theory of the hydrogen atom 
• Describe the Davisson–Germer experiment 
• Interpret de Broglie’s idea of matter waves and how they account for electron diffraction phenomena 
Compton’s formula established that an electromagnetic wave can behave like a particle of light when interacting 
with matter. In 1924, Louis de Broglie proposed a new speculative hypothesis that electrons and other particles of 
matter can behave like waves. Today, this idea is known as de Broglie’s hypothesis of matter waves. In 1926, De 
Broglie’s hypothesis, together with Bohr’s early quantum theory, led to the development of a new theory of wave 
quantum mechanics to describe the physics of atoms and subatomic particles. Quantum mechanics has paved the 
way for new engineering inventions and technologies, such as the laser and magnetic resonance imaging (MRI). 
6.51 
6.52 
6.5 • De Broglie’s Matter Waves
259


These new technologies drive discoveries in other sciences such as biology and chemistry. 
According to de Broglie’s hypothesis, massless photons as well as massive particles must satisfy one common set of 
relations that connect the energy E with the frequency f, and the linear momentum p with the wavelength 
 We 
have discussed these relations for photons in the context of Compton’s effect. We are recalling them now in a more 
general context. Any particle that has energy and momentum is a de Broglie wave of frequency f and wavelength 
Here, E and p are, respectively, the relativistic energy and the momentum of a particle. De Broglie’s relations are 
usually expressed in terms of the wave vector 
 
 and the wave frequency 
 as we usually do for 
waves: 
Wave theory tells us that a wave carries its energy with the group velocity. For matter waves, this group velocity is 
the velocity u of the particle. Identifying the energy E and momentum p of a particle with its relativistic energy 
and its relativistic momentum mu, respectively, it follows from de Broglie relations that matter waves satisfy the 
following relation: 
where 
 When a particle is massless we have 
 and Equation 6.57 becomes 
EXAMPLE 6.11 
How Long Are de Broglie Matter Waves? 
Calculate the de Broglie wavelength of: (a) a 0.65-kg basketball thrown at a speed of 10 m/s, (b) a nonrelativistic 
electron with a kinetic energy of 1.0 eV, and (c) a relativistic electron with a kinetic energy of 
Strategy 
We use Equation 6.57 to find the de Broglie wavelength. When the problem involves a nonrelativistic object moving 
with a nonrelativistic speed u, such as in (a) when 
 we use nonrelativistic momentum p. When the 
nonrelativistic approximation cannot be used, such as in (c), we must use the relativistic momentum 
 where the rest mass energy of a particle is 
 and  is the Lorentz factor 
 The total energy E of a particle is given by Equation 6.53 and the kinetic energy is 
 When the kinetic energy is known, we can invert Equation 6.18 to find the momentum 
 and substitute in Equation 6.57 to obtain 
Depending on the problem at hand, in this equation we can use the following values for hc: 
6.53 
6.54 
ℏ
6.55 
ℏ
6.56 
ℏ
ℏ
6.57 
6.58 
260
6 • Photons and Matter Waves
Access for free at openstax.org


Solution 
a. For the basketball, the kinetic energy is 
and the rest mass energy is 
We see that 
 and use 
b. For the nonrelativistic electron, 
and when 
 we have 
 so we can use the nonrelativistic 
formula. However, it is simpler here to use Equation 6.58: 
If we use nonrelativistic momentum, we obtain the same result because 1 eV is much smaller than the rest 
mass of the electron. 
c. For a fast electron with 
 relativistic effects cannot be neglected because its total energy is 
 and 
 is not negligible: 
Significance 
We see from these estimates that De Broglie’s wavelengths of macroscopic objects such as a ball are immeasurably 
small. Therefore, even if they exist, they are not detectable and do not affect the motion of macroscopic objects. 
CHECK YOUR UNDERSTANDING 6.11 
What is de Broglie’s wavelength of a nonrelativistic proton with a kinetic energy of 1.0 eV? 
Using the concept of the electron matter wave, de Broglie provided a rationale for the quantization of the electron’s 
angular momentum in the hydrogen atom, which was postulated in Bohr’s quantum theory. The physical explanation 
for the first Bohr quantization condition comes naturally when we assume that an electron in a hydrogen atom 
behaves not like a particle but like a wave. To see it clearly, imagine a stretched guitar string that is clamped at both 
ends and vibrates in one of its normal modes. If the length of the string is l (Figure 6.18), the wavelengths of these 
vibrations cannot be arbitrary but must be such that an integer k number of half-wavelengths 
 fit exactly on the 
distance l between the ends. This is the condition 
 for a standing wave on a string. Now suppose that 
instead of having the string clamped at the walls, we bend its length into a circle and fasten its ends to each other. 
This produces a circular string that vibrates in normal modes, satisfying the same standing-wave condition, but the 
number of half-wavelengths must now be an even number 
 and the length l is now connected to the 
radius 
 of the circle. This means that the radii are not arbitrary but must satisfy the following standing-wave 
condition: 
If an electron in the nth Bohr orbit moves as a wave, by Equation 6.59 its wavelength must be equal to 
Assuming that Equation 6.58 is valid, the electron wave of this wavelength corresponds to the electron’s linear 
momentum, 
ℏ
 In a circular orbit, therefore, the electron’s angular momentum must 
6.59 
6.5 • De Broglie’s Matter Waves
261


be 
This equation is the first of Bohr’s quantization conditions, given by Equation 6.36. Providing a physical explanation 
for Bohr’s quantization condition is a convincing theoretical argument for the existence of matter waves. 
FIGURE 6.18 Standing-wave pattern: (a) a stretched string clamped at the walls; (b) an electron wave trapped in the third Bohr orbit in the 
hydrogen atom. 
EXAMPLE 6.12 
The Electron Wave in the Ground State of Hydrogen 
Find the de Broglie wavelength of an electron in the ground state of hydrogen. 
Strategy 
We combine the first quantization condition in Equation 6.60 with Equation 6.36 and use Equation 6.38 for the first 
Bohr radius with 
Solution 
When 
 and 
 the Bohr quantization condition gives 
ℏ
ℏ
 The electron 
wavelength is: 
ℏ
Significance 
We obtain the same result when we use Equation 6.58 directly. 
CHECK YOUR UNDERSTANDING 6.12 
Find the de Broglie wavelength of an electron in the third excited state of hydrogen. 
Experimental confirmation of matter waves came in 1927 when C. Davisson and L. Germer performed a series of 
electron-scattering experiments that clearly showed that electrons do behave like waves. Davisson and Germer did 
not set up their experiment to confirm de Broglie’s hypothesis: The confirmation came as a byproduct of their 
routine experimental studies of metal surfaces under electron bombardment. 
In the particular experiment that provided the very first evidence of electron waves (known today as the 
Davisson–Germer experiment), they studied a surface of nickel. Their nickel sample was specially prepared in a 
high-temperature oven to change its usual polycrystalline structure to a form in which large single-crystal domains 
occupy the volume. Figure 6.19 shows the experimental setup. Thermal electrons are released from a heated 
ℏ
ℏ
6.60 
262
6 • Photons and Matter Waves
Access for free at openstax.org


element (usually made of tungsten) in the electron gun and accelerated through a potential difference 
becoming a well-collimated beam of electrons produced by an electron gun. The kinetic energy K of the electrons is 
adjusted by selecting a value of the potential difference in the electron gun. This produces a beam of electrons with 
a set value of linear momentum, in accordance with the conservation of energy: 
The electron beam is incident on the nickel sample in the direction normal to its surface. At the surface, it scatters in 
various directions. The intensity of the beam scattered in a selected direction  is measured by a highly sensitive 
detector. The detector’s angular position with respect to the direction of the incident beam can be varied from 
 to 
 The entire setup is enclosed in a vacuum chamber to prevent electron collisions with air 
molecules, as such thermal collisions would change the electrons’ kinetic energy and are not desirable. 
FIGURE 6.19 Schematics of the experimental setup of the Davisson–Germer diffraction experiment. A well-collimated beam of electrons is 
scattered off the nickel target. The kinetic energy of electrons in the incident beam is selected by adjusting a variable potential, 
 in the 
electron gun. Intensity of the scattered electron beam is measured for a range of scattering angles 
 whereas the distance between the 
detector and the target does not change. 
When the nickel target has a polycrystalline form with many randomly oriented microscopic crystals, the incident 
electrons scatter off its surface in various random directions. As a result, the intensity of the scattered electron 
beam is much the same in any direction, resembling a diffuse reflection of light from a porous surface. However, 
when the nickel target has a regular crystalline structure, the intensity of the scattered electron beam shows a clear 
maximum at a specific angle and the results show a clear diffraction pattern (see Figure 6.20). Similar diffraction 
patterns formed by X-rays scattered by various crystalline solids were studied in 1912 by father-and-son physicists 
William H. Bragg and William L. Bragg. The Bragg law in X-ray crystallography provides a connection between the 
wavelength  of the radiation incident on a crystalline lattice, the lattice spacing, and the position of the interference 
maximum in the diffracted radiation (see Diffraction). 
The lattice spacing of the Davisson–Germer target, determined with X-ray crystallography, was measured to be 
 Unlike X-ray crystallography in which X-rays penetrate the sample, in the original Davisson–Germer 
experiment, only the surface atoms interact with the incident electron beam. For the surface diffraction, the 
maximum intensity of the reflected electron beam is observed for scattering angles that satisfy the condition 
 (see Figure 6.21). The first-order maximum (for 
) is measured at a scattering angle of 
 at 
 which gives the wavelength of the incident radiation as 
 On the other 
hand, a 54-V potential accelerates the incident electrons to kinetic energies of 
 Their momentum, 
calculated from Equation 6.61, is 
 When we substitute this result in Equation 6.58, the 
de Broglie wavelength is obtained as 
The same result is obtained when we use 
 in Equation 6.61. The proximity of this theoretical result to the 
Davisson–Germer experimental value of 
 is a convincing argument for the existence of de Broglie matter 
6.61 
6.62 
6.5 • De Broglie’s Matter Waves
263


waves. 
FIGURE 6.20 The experimental results of electron diffraction on a nickel target for the accelerating potential in the electron gun of about 
 The intensity maximum is registered at the scattering angle of about 
FIGURE 6.21 In the surface diffraction of a monochromatic electromagnetic wave on a crystalline lattice structure, the in-phase incident 
beams are reflected from atoms on the surface. A ray reflected from the left atom travels an additional distance 
 to the detector, 
where a is the lattice spacing. The reflected beams remain in-phase when D is an integer multiple of their wavelength 
 The intensity of the 
reflected waves has pronounced maxima for angles  satisfying 
Diffraction lines measured with low-energy electrons, such as those used in the Davisson–Germer experiment, are 
quite broad (see Figure 6.20) because the incident electrons are scattered only from the surface. The resolution of 
diffraction images greatly improves when a higher-energy electron beam passes through a thin metal foil. This 
occurs because the diffraction image is created by scattering off many crystalline planes inside the volume, and the 
maxima produced in scattering at Bragg angles are sharp (see Figure 6.22). 
264
6 • Photons and Matter Waves
Access for free at openstax.org


FIGURE 6.22 Diffraction patterns obtained in scattering on a crystalline solid: (a) with X-rays, and (b) with electrons. The observed pattern 
reflects the symmetry of the crystalline structure of the sample. 
Since the work of Davisson and Germer, de Broglie’s hypothesis has been extensively tested with various 
experimental techniques, and the existence of de Broglie waves has been confirmed for numerous elementary 
particles. Neutrons have been used in scattering experiments to determine crystalline structures of solids from 
interference patterns formed by neutron matter waves. The neutron has zero charge and its mass is comparable 
with the mass of a positively charged proton. Both neutrons and protons can be seen as matter waves. Therefore, 
the property of being a matter wave is not specific to electrically charged particles but is true of all particles in 
motion. Matter waves of molecules as large as carbon 
 have been measured. All physical objects, small or large, 
have an associated matter wave as long as they remain in motion. The universal character of de Broglie matter 
waves is firmly established. 
EXAMPLE 6.13 
Neutron Scattering 
Suppose that a neutron beam is used in a diffraction experiment on a typical crystalline solid. Estimate the kinetic 
energy of a neutron (in eV) in the neutron beam and compare it with kinetic energy of an ideal gas in equilibrium at 
room temperature. 
Strategy 
We assume that a typical crystal spacing a is of the order of 1.0 Å. To observe a diffraction pattern on such a lattice, 
the neutron wavelength  must be on the same order of magnitude as the lattice spacing. We use Equation 6.61 to 
find the momentum p and kinetic energy K. To compare this energy with the energy 
 of ideal gas in equilibrium at 
room temperature 
 we use the relation 
 where 
 is the Boltzmann 
constant. 
Solution 
We evaluate pc to compare it with the neutron’s rest mass energy 
We see that 
 so 
 and we can use the nonrelativistic kinetic energy: 
6.5 • De Broglie’s Matter Waves
265


Kinetic energy of ideal gas in equilibrium at 300 K is: 
We see that these energies are of the same order of magnitude. 
Significance 
Neutrons with energies in this range, which is typical for an ideal gas at room temperature, are called “thermal 
neutrons.” 
EXAMPLE 6.14 
Wavelength of a Relativistic Proton 
In a supercollider at CERN, protons can be accelerated to velocities of 0.75c. What are their de Broglie wavelengths 
at this speed? What are their kinetic energies? 
Strategy 
The rest mass energy of a proton is 
 When the 
proton’s velocity is known, we have 
 and 
 We obtain the wavelength  and 
kinetic energy K from relativistic relations. 
Solution 
Significance 
Notice that because a proton is 1835 times more massive than an electron, if this experiment were performed with 
electrons, a simple rescaling of these results would give us the electron’s wavelength of 
and its kinetic energy of 
CHECK YOUR UNDERSTANDING 6.13 
Find the de Broglie wavelength and kinetic energy of a free electron that travels at a speed of 0.75c. 
6.6 Wave-Particle Duality 
LEARNING OBJECTIVES 
By the end of this section, you will be able to: 
• Identify phenomena in which electromagnetic waves behave like a beam of photons and particles behave 
like waves 
• Describe the physics principles behind electron microscopy 
• Summarize the evolution of scientific thought that led to the development of quantum mechanics 
The energy of radiation detected by a radio-signal receiving antenna comes as the energy of an electromagnetic 
wave. The same energy of radiation detected by a photocurrent in the photoelectric effect comes as the energy of 
individual photon particles. Therefore, the question arises about the nature of electromagnetic radiation: Is a photon 
a wave or is it a particle? Similar questions may be asked about other known forms of energy. For example, an 
266
6 • Photons and Matter Waves
Access for free at openstax.org


electron that forms part of an electric current in a circuit behaves like a particle moving in unison with other 
electrons inside the conductor. The same electron behaves as a wave when it passes through a solid crystalline 
structure and forms a diffraction image. Is an electron a wave or is it a particle? The same question can be extended 
to all particles of matter—elementary particles, as well as compound molecules—asking about their true physical 
nature. At our present state of knowledge, such questions about the true nature of things do not have conclusive 
answers. All we can say is that wave-particle duality exists in nature: Under some experimental conditions, a 
particle appears to act as a particle, and under different experimental conditions, a particle appears to act a wave. 
Conversely, under some physical circumstances electromagnetic radiation acts as a wave, and under other physical 
circumstances, radiation acts as a beam of photons. 
This dualistic interpretation is not a new physics concept brought about by specific discoveries in the twentieth 
century. It was already present in a debate between Isaac Newton and Christiaan Huygens about the nature of light, 
beginning in the year 1670. According to Newton, a beam of light is a collection of corpuscles of light. According to 
Huygens, light is a wave. The corpuscular hypothesis failed in 1803, when Thomas Young announced his double-slit 
interference experiment with light (see Figure 6.23), which firmly established light as a wave. In James Clerk 
Maxwell’s theory of electromagnetism (completed by the year 1873), light is an electromagnetic wave. Maxwell’s 
classical view of radiation as an electromagnetic wave is still valid today; however, it is unable to explain blackbody 
radiation and the photoelectric effect, where light acts as a beam of photons. 
FIGURE 6.23 Young’s double-slit experiment explains the interference of light by making an analogy with the interference of water waves. 
Two waves are generated at the positions of two slits in an opaque screen. The waves have the same wavelengths. They travel from their 
origins at the slits to the viewing screen placed to the right of the slits. The waves meet on the viewing screen. At the positions marked 
“Max” on the screen, the meeting waves are in-phase and the combined wave amplitude is enhanced. At positions marked “Min,” the 
combined wave amplitude is zero. For light, this mechanism creates a bright-and-dark fringe pattern on the viewing screen. 
A similar dichotomy existed in the interpretation of electricity. From Benjamin Franklin’s observations of electricity 
in 1751 until J.J. Thomson’s discovery of the electron in 1897, electric current was seen as a flow in a continuous 
electric medium. Within this theory of electric fluid, the present theory of electric circuits was developed, and 
electromagnetism and electromagnetic induction were discovered. Thomson’s experiment showed that the unit of 
negative electric charge (an electron) can travel in a vacuum without any medium to carry the charge around, as in 
electric circuits. This discovery changed the way in which electricity is understood today and gave the electron its 
particle status. In Bohr’s early quantum theory of the hydrogen atom, both the electron and the proton are particles 
of matter. Likewise, in the Compton scattering of X-rays on electrons, the electron is a particle. On the other hand, in 
electron-scattering experiments on crystalline structures, the electron behaves as a wave. 
A skeptic may raise a question that perhaps an electron might always be nothing more than a particle, and that the 
diffraction images obtained in electron-scattering experiments might be explained within some macroscopic model 
6.6 • Wave-Particle Duality
267


of a crystal and a macroscopic model of electrons coming at it like a rain of ping-pong balls. As a matter of fact, to 
investigate this question, we do not need a complex model of a crystal but just a couple of simple slits in a screen 
that is opaque to electrons. In other words, to gather convincing evidence about the nature of an electron, we need 
to repeat the Young double-slit experiment with electrons. If the electron is a wave, we should observe the 
formation of interference patterns typical for waves, such as those described in Figure 6.23, even when electrons 
come through the slits one by one. However, if the electron is a not a wave but a particle, the interference fringes will 
not be formed. 
The very first double-slit experiment with a beam of electrons, performed by Claus Jönsson in Germany in 1961, 
demonstrated that a beam of electrons indeed forms an interference pattern, which means that electrons 
collectively behave as a wave. The first double-slit experiments with single electrons passing through the slits one-
by-one were performed by Giulio Pozzi in 1974 in Italy and by Akira Tonomura in 1989 in Japan. They show that 
interference fringes are formed gradually, even when electrons pass through the slits individually. This 
demonstrates conclusively that electron-diffraction images are formed because of the wave nature of electrons. The 
results seen in double-slit experiments with electrons are illustrated by the images of the interference pattern in 
Figure 6.24. 
FIGURE 6.24 Computer-simulated interference fringes seen in the Young double-slit experiment with electrons. One pattern is gradually 
formed on the screen, regardless of whether the electrons come through the slits as a beam or individually one-by-one. 
EXAMPLE 6.15 
Double-Slit Experiment with Electrons 
In one experimental setup for studying interference patterns of electron waves, two slits are created in a gold-
coated silicon membrane. Each slit is 62-nm wide and 
 long, and the separation between the slits is 272 nm. 
The electron beam is created in an electron gun by heating a tungsten element and by accelerating the electrons 
across a 600-V potential. The beam is subsequently collimated using electromagnetic lenses, and the collimated 
beam of electrons is sent through the slits. Find the angular position of the first-order bright fringe on the viewing 
screen. 
Strategy 
Recall that the angular position  of the nth order bright fringe that is formed in Young’s two-slit interference pattern 
(discussed in a previous chapter) is related to the separation, d, between the slits and to the wavelength, 
 of the 
incident light by the equation 
 where 
 The separation is given and is equal to 
 For the first-order fringe, we take 
 The only thing we now need is the wavelength of the incident 
electron wave. 
Since the electron has been accelerated from rest across a potential difference of 
 its kinetic energy is 
 The rest-mass energy of the electron is 
We compute its de Broglie wavelength as that of a nonrelativistic electron because its kinetic energy 
 is much 
smaller than its rest energy 
 
Solution 
The electron’s wavelength is 
This  is used to obtain the position of the first bright fringe: 
268
6 • Photons and Matter Waves
Access for free at openstax.org


Significance 
Notice that this is also the angular resolution between two consecutive bright fringes up to about 
 For 
example, between the zero-order fringe and the first-order fringe, between the first-order fringe and the second-
order fringe, and so on. 
CHECK YOUR UNDERSTANDING 6.14 
For the situation described in Example 6.15, find the angular position of the fifth-order bright fringe on the viewing 
screen. 
The wave-particle dual nature of matter particles and of radiation is a declaration of our inability to describe 
physical reality within one unified classical theory because separately neither a classical particle approach nor a 
classical wave approach can fully explain the observed phenomena. This limitation of the classical approach was 
realized by the year 1928, and a foundation for a new statistical theory, called quantum mechanics, was put in place 
by Bohr, Edwin Schrödinger, Werner Heisenberg, and Paul Dirac. Quantum mechanics takes de Broglie’s idea of 
matter waves to be the fundamental property of all particles and gives it a statistical interpretation. According to this 
interpretation, a wave that is associated with a particle carries information about the probable positions of the 
particle and about its other properties. A single particle is seen as a moving wave packet such as the one shown in 
Figure 6.25. We can intuitively sense from this example that if a particle is a wave packet, we will not be able to 
measure its exact position in the same sense as we cannot pinpoint a location of a wave packet in a vibrating guitar 
string. The uncertainty, 
 in measuring the particle’s position is connected to the uncertainty, 
 in the 
simultaneous measuring of its linear momentum by Heisenberg’s uncertainty principle: 
Heisenberg’s principle expresses the law of nature that, at the quantum level, our perception is limited. For 
example, if we know the exact position of a body (which means that 
 in Equation 6.63) at the same time we 
cannot know its momentum, because then the uncertainty in its momentum becomes infinite (because 
ℏ
 in Equation 6.63). The Heisenberg uncertainty principle sets the limit on the precision of 
simultaneous measurements of position and momentum of a particle; it shows that the best precision we can obtain 
is when we have an equals sign ( ) in Equation 6.63, and we cannot do better than that, even with the best 
instruments of the future. Heisenberg’s principle is a consequence of the wave nature of particles. 
FIGURE 6.25 In this graphic, a particle is shown as a wave packet and its position does not have an exact value. 
We routinely use many electronic devices that exploit wave-particle duality without even realizing the sophistication 
of the physics underlying their operation. One example of a technology based on the particle properties of photons 
and electrons is a charge-coupled device, which is used for light detection in any instrumentation where high-quality 
ℏ
6.63 
6.6 • Wave-Particle Duality
269


digital data are required, such as in digital cameras or in medical sensors. An example in which the wave properties 
of electrons is exploited is an electron microscope. 
In 1931, physicist Ernst Ruska—building on the idea that magnetic fields can direct an electron beam just as lenses 
can direct a beam of light in an optical microscope—developed the first prototype of the electron microscope. This 
development originated the field of electron microscopy. In the transmission electron microscope (TEM), shown in 
Figure 6.26, electrons are produced by a hot tungsten element and accelerated by a potential difference in an 
electron gun, which gives them up to 400 keV in kinetic energy. After leaving the electron gun, the electron beam is 
focused by electromagnetic lenses (a system of condensing lenses) and transmitted through a specimen sample to 
be viewed. The image of the sample is reconstructed from the transmitted electron beam. The magnified image may 
be viewed either directly on a fluorescent screen or indirectly by sending it, for example, to a digital camera or a 
computer monitor. The entire setup consisting of the electron gun, the lenses, the specimen, and the fluorescent 
screen are enclosed in a vacuum chamber to prevent the energy loss from the beam. Resolution of the TEM is 
limited only by spherical aberration (discussed in a previous chapter). Modern high-resolution models of a TEM can 
have resolving power greater than 0.5 Å and magnifications higher than 50 million times. For comparison, the best 
resolving power obtained with light microscopy is currently about 97 nm. A limitation of the TEM is that the samples 
must be about 100-nm thick and biological samples require a special preparation involving chemical “fixing” to 
stabilize them for ultrathin slicing. 
FIGURE 6.26 TEM: An electron beam produced by an electron gun is collimated by condenser lenses and passes through a specimen. The 
transmitted electrons are projected on a screen and the image is sent to a camera. (credit: modification of work by Dr. Graham Beards) 
Such limitations do not appear in the scanning electron microscope (SEM), which was invented by Manfred von 
Ardenne in 1937. In an SEM, a typical energy of the electron beam is up to 40 keV and the beam is not transmitted 
through a sample but is scattered off its surface. Surface topography of the sample is reconstructed by analyzing 
back-scattered electrons, transmitted electrons, and the emitted radiation produced by electrons interacting with 
atoms in the sample. The resolving power of an SEM is better than 1 nm, and the magnification can be more than 
250 times better than that obtained with a light microscope. The samples scanned by an SEM can be as large as 
several centimeters but they must be specially prepared, depending on electrical properties of the sample. 
To expand both the resolution and the types of materials that could be examined, Pratibha L. Gai and Edward D. 
Boyes invented the environmental transmission electron microscope (ETEM). The device advanced the standard 
electron microscope by incorporating a gas-filled chamber in which a wider array of substances could be contained. 
Thus Gai and other researchers could observe reactions taking place at incredible magnifications. Gai later improved 
on her work by creating the environmental scanning transmission electron microscope (ESTEM), which has even 
greater resolving power. 
270
6 • Photons and Matter Waves
Access for free at openstax.org


High magnifications of the TEM and SEM allow us to see individual molecules. High resolving powers of the TEM and 
SEM allow us to see fine details, such as those shown in the SEM micrograph of pollen at the beginning of this 
chapter (Figure 6.1). Users of ETEM and ESTEM can see even smaller objects: Gai herself was the first person to 
ever see individual atoms. The devices are used for biological, materials, nanotechnology, fuel cell, catalysis, and a 
range of other applications. 
EXAMPLE 6.16 
Resolving Power of an Electron Microscope 
If a 1.0-pm electron beam of a TEM passes through a 
 circular opening, what is the angle between the two 
just-resolvable point sources for this microscope? 
Solution 
We can directly use a formula for the resolving power, 
 of a microscope (discussed in a previous chapter) when 
the wavelength of the incident radiation is 
 and the diameter of the aperture is 
Significance 
Note that if we used a conventional microscope with a 400-nm light, the resolving power would be only 
 which 
means that all of the fine details in the image would be blurred. 
CHECK YOUR UNDERSTANDING 6.15 
Suppose that the diameter of the aperture in Example 6.16 is halved. How does it affect the resolving power? 
6.6 • Wave-Particle Duality
271


Chapter Review 
Key Terms 
absorber  any object that absorbs radiation 
absorption spectrum  wavelengths of absorbed 
radiation by atoms and molecules 
Balmer formula  describes the emission spectrum of 
a hydrogen atom in the visible-light range 
Balmer series  spectral lines corresponding to 
electron transitions to/from the 
 state of the 
hydrogen atom, described by the Balmer formula 
blackbody  perfect absorber/emitter 
blackbody radiation  radiation emitted by a 
blackbody 
Bohr radius of hydrogen  radius of the first Bohr’s 
orbit 
Bohr’s model of the hydrogen atom  first quantum 
model to explain emission spectra of hydrogen 
Brackett series  spectral lines corresponding to 
electron transitions to/from the 
 state 
Compton effect  the change in wavelength when an X-
ray is scattered by its interaction with some 
materials 
Compton shift  difference between the wavelengths 
of the incident X-ray and the scattered X-ray 
Compton wavelength  physical constant with the 
value 
cut-off frequency  frequency of incident light below 
which the photoelectric effect does not occur 
cut-off wavelength  wavelength of incident light that 
corresponds to cut-off frequency 
Davisson–Germer experiment  historically first 
electron-diffraction experiment that revealed 
electron waves 
de Broglie wave  matter wave associated with any 
object that has mass and momentum 
de Broglie’s hypothesis of matter waves  particles of 
matter can behave like waves 
double-slit interference experiment  Young’s 
double-slit experiment, which shows the 
interference of waves 
electron microscopy  microscopy that uses electron 
waves to “see” fine details of nano-size objects 
emission spectrum  wavelengths of emitted radiation 
by atoms and molecules 
emitter  any object that emits radiation 
energy of a photon  quantum of radiant energy, 
depends only on a photon’s frequency 
energy spectrum of hydrogen  set of allowed discrete 
energies of an electron in a hydrogen atom 
excited energy states of the H atom  energy state 
other than the ground state 
Fraunhofer lines  dark absorption lines in the 
continuum solar emission spectrum 
ground state energy of the hydrogen atom  energy of 
an electron in the first Bohr orbit of the hydrogen 
atom 
group velocity  velocity of a wave, energy travels with 
the group velocity 
Heisenberg uncertainty principle  sets the limits on 
precision in simultaneous measurements of 
momentum and position of a particle 
Humphreys series  spectral lines corresponding to 
electron transitions to/from the 
 state 
hydrogen-like atom  ionized atom with one electron 
remaining and nucleus with charge 
inelastic scattering  scattering effect where kinetic 
energy is not conserved but the total energy is 
conserved 
ionization energy  energy needed to remove an 
electron from an atom 
ionization limit of the hydrogen atom  ionization 
energy needed to remove an electron from the first 
Bohr orbit 
Lyman series  spectral lines corresponding to 
electron transitions to/from the ground state 
nuclear model of the atom  heavy positively charged 
nucleus at the center is surrounded by electrons, 
proposed by Rutherford 
Paschen series  spectral lines corresponding to 
electron transitions to/from the 
 state 
Pfund series  spectral lines corresponding to electron 
transitions to/from the 
 state 
photocurrent  in a circuit, current that flows when a 
photoelectrode is illuminated 
photoelectric effect  emission of electrons from a 
metal surface exposed to electromagnetic radiation 
of the proper frequency 
photoelectrode  in a circuit, an electrode that emits 
photoelectrons 
photoelectron  electron emitted from a metal surface 
in the presence of incident radiation 
photon  particle of light 
Planck’s hypothesis of energy quanta  energy 
exchanges between the radiation and the walls take 
place only in the form of discrete energy quanta 
postulates of Bohr’s model  three assumptions that 
set a frame for Bohr’s model 
power intensity  energy that passes through a unit 
surface per unit time 
propagation vector  vector with magnitude 
 that 
has the direction of the photon’s linear momentum 
quantized energies  discrete energies; not continuous 
272     6 • Chapter Review
Access for free at openstax.org


quantum number  index that enumerates energy 
levels 
quantum phenomenon  in interaction with matter, 
photon transfers either all its energy or nothing 
quantum state of a Planck’s oscillator  any mode of 
vibration of Planck’s oscillator, enumerated by 
quantum number 
reduced Planck’s constant  Planck’s constant divided 
by 
Rutherford’s gold foil experiment  first experiment to 
demonstrate the existence of the atomic nucleus 
Rydberg constant for hydrogen  physical constant in 
the Balmer formula 
Rydberg formula  experimentally found positions of 
spectral lines of hydrogen atom 
scattering angle  angle between the direction of the 
scattered beam and the direction of the incident 
beam 
Stefan–Boltzmann constant  physical constant in 
Stefan’s law 
stopping potential  in a circuit, potential difference 
that stops photocurrent 
wave number  magnitude of the propagation vector 
wave quantum mechanics  theory that explains the 
physics of atoms and subatomic particles 
wave-particle duality  particles can behave as waves 
and radiation can behave as particles 
work function  energy needed to detach 
photoelectron from the metal surface 
-particle  doubly ionized helium atom 
-ray  beam of -particles (alpha-particles) 
β-ray  beam of electrons 
γ-ray  beam of highly energetic photons 
Key Equations 
Wien’s displacement law 
Stefan’s law 
Planck’s constant 
Energy quantum of radiation 
Planck’s blackbody radiation law 
Maximum kinetic energy 
of a photoelectron 
Energy of a photon 
Energy balance for photoelectron 
Cut-off frequency 
Relativistic invariant 
energy equation 
Energy-momentum relation 
for photon 
Energy of a photon 
Magnitude of photon’s momentum 
Photon’s linear 
momentum vector 
ℏ
The Compton wavelength 
of an electron 
The Compton shift 
The Balmer formula 
The Rydberg formula 
Bohr’s first quantization condition 
ℏ
Bohr’s second quantization condition 
6 • Chapter Review     273


Bohr’s radius of hydrogen 
ℏ
Bohr’s radius of the nth orbit 
Ground-state energy value, 
ionization limit 
Electron’s energy in 
the nth orbit 
Ground state energy of 
hydrogen 
The nth orbit of 
hydrogen-like ion 
The nth energy 
of hydrogen-like ion 
Energy of a matter wave 
The de Broglie wavelength 
The frequency-wavelength relation 
for matter waves 
Heisenberg’s uncertainty principle 
ℏ
Summary 
6.1 Blackbody Radiation 
• All bodies radiate energy. The amount of 
radiation a body emits depends on its 
temperature. The experimental Wien’s 
displacement law states that the hotter the body, 
the shorter the wavelength corresponding to the 
emission peak in the radiation curve. The 
experimental Stefan’s law states that the total 
power of radiation emitted across the entire 
spectrum of wavelengths at a given temperature 
is proportional to the fourth power of the Kelvin 
temperature of the radiating body. 
• Absorption and emission of radiation are studied 
within the model of a blackbody. In the classical 
approach, the exchange of energy between 
radiation and cavity walls is continuous. The 
classical approach does not explain the 
blackbody radiation curve. 
• To explain the blackbody radiation curve, Planck 
assumed that the exchange of energy between 
radiation and cavity walls takes place only in 
discrete quanta of energy. Planck’s hypothesis of 
energy quanta led to the theoretical Planck’s 
radiation law, which agrees with the 
experimental blackbody radiation curve; it also 
explains Wien’s and Stefan’s laws. 
6.2 Photoelectric Effect 
• The photoelectric effect occurs when 
photoelectrons are ejected from a metal surface 
in response to monochromatic radiation incident 
on the surface. It has three characteristics: (1) it 
is instantaneous, (2) it occurs only when the 
radiation is above a cut-off frequency, and (3) 
kinetic energies of photoelectrons at the surface 
do not depend of the intensity of radiation. The 
photoelectric effect cannot be explained by 
classical theory. 
• We can explain the photoelectric effect by 
assuming that radiation consists of photons 
(particles of light). Each photon carries a 
quantum of energy. The energy of a photon 
depends only on its frequency, which is the 
frequency of the radiation. At the surface, the 
entire energy of a photon is transferred to one 
photoelectron. 
• The maximum kinetic energy of a photoelectron 
at the metal surface is the difference between 
the energy of the incident photon and the work 
function of the metal. The work function is the 
binding energy of electrons to the metal surface. 
Each metal has its own characteristic work 
function. 
6.3 The Compton Effect 
• In the Compton effect, X-rays scattered off some 
materials have different wavelengths than the 
wavelength of the incident X-rays. This 
phenomenon does not have a classical 
explanation. 
274     6 • Chapter Review
Access for free at openstax.org


• The Compton effect is explained by assuming 
that radiation consists of photons that collide 
with weakly bound electrons in the target 
material. Both electron and photon are treated as 
relativistic particles. Conservation laws of the 
total energy and of momentum are obeyed in 
collisions. 
• Treating the photon as a particle with momentum 
that can be transferred to an electron leads to a 
theoretical Compton shift that agrees with the 
wavelength shift measured in the experiment. 
This provides evidence that radiation consists of 
photons. 
• Compton scattering is an inelastic scattering, in 
which scattered radiation has a longer 
wavelength than that of incident radiation. 
6.4 Bohr’s Model of the Hydrogen Atom 
• Positions of absorption and emission lines in the 
spectrum of atomic hydrogen are given by the 
experimental Rydberg formula. Classical physics 
cannot explain the spectrum of atomic hydrogen. 
• The Bohr model of hydrogen was the first model 
of atomic structure to correctly explain the 
radiation spectra of atomic hydrogen. It was 
preceded by the Rutherford nuclear model of the 
atom. In Rutherford’s model, an atom consists of 
a positively charged point-like nucleus that 
contains almost the entire mass of the atom and 
of negative electrons that are located far away 
from the nucleus. 
• Bohr’s model of the hydrogen atom is based on 
three postulates: (1) an electron moves around 
the nucleus in a circular orbit, (2) an electron’s 
angular momentum in the orbit is quantized, and 
(3) the change in an electron’s energy as it makes 
a quantum jump from one orbit to another is 
always accompanied by the emission or 
absorption of a photon. Bohr’s model is semi-
classical because it combines the classical 
concept of electron orbit (postulate 1) with the 
new concept of quantization (postulates 2 and 
3). 
• Bohr’s model of the hydrogen atom explains the 
emission and absorption spectra of atomic 
hydrogen and hydrogen-like ions with low atomic 
numbers. It was the first model to introduce the 
concept of a quantum number to describe atomic 
states and to postulate quantization of electron 
orbits in the atom. Bohr’s model is an important 
step in the development of quantum mechanics, 
which deals with many-electron atoms. 
6.5 De Broglie’s Matter Waves 
• De Broglie’s hypothesis of matter waves 
postulates that any particle of matter that has 
linear momentum is also a wave. The wavelength 
of a matter wave associated with a particle is 
inversely proportional to the magnitude of the 
particle’s linear momentum. The speed of the 
matter wave is the speed of the particle. 
• De Broglie’s concept of the electron matter wave 
provides a rationale for the quantization of the 
electron’s angular momentum in Bohr’s model of 
the hydrogen atom. 
• In the Davisson–Germer experiment, electrons 
are scattered off a crystalline nickel surface. 
Diffraction patterns of electron matter waves are 
observed. They are the evidence for the 
existence of matter waves. Matter waves are 
observed in diffraction experiments with various 
particles. 
6.6 Wave-Particle Duality 
• Wave-particle duality exists in nature: Under 
some experimental conditions, a particle acts as 
a particle; under other experimental conditions, a 
particle acts as a wave. Conversely, under some 
physical circumstances, electromagnetic 
radiation acts as a wave, and under other 
physical circumstances, radiation acts as a beam 
of photons. 
• Modern-era double-slit experiments with 
electrons demonstrated conclusively that 
electron-diffraction images are formed because 
of the wave nature of electrons. 
• The wave-particle dual nature of particles and of 
radiation has no classical explanation. 
• Quantum theory takes the wave property to be 
the fundamental property of all particles. A 
particle is seen as a moving wave packet. The 
wave nature of particles imposes a limitation on 
the simultaneous measurement of the particle’s 
position and momentum. Heisenberg’s 
uncertainty principle sets the limits on precision 
in such simultaneous measurements. 
• Wave-particle duality is exploited in many 
devices, such as charge-couple devices (used in 
digital cameras) or in the electron microscopy of 
the scanning electron microscope (SEM) and the 
transmission electron microscope (TEM). 
6 • Chapter Review     275


Conceptual Questions 
6.1 Blackbody Radiation 
1 . Which surface has a higher temperature – the 
surface of a yellow star or that of a red star? 
2 . Describe what you would see when looking at a 
body whose temperature is increased from 1000 
K to 1,000,000 K. 
3 . Explain the color changes in a hot body as its 
temperature is increased. 
4 . Speculate as to why UV light causes sunburn, 
whereas visible light does not. 
5 . Two cavity radiators are constructed with walls 
made of different metals. At the same 
temperature, how would their radiation spectra 
differ? 
6 . Discuss why some bodies appear black, other 
bodies appear red, and still other bodies appear 
white. 
7 . If everything radiates electromagnetic energy, 
why can we not see objects at room temperature 
in a dark room? 
8 . How much does the power radiated by a 
blackbody increase when its temperature (in K) 
is tripled? 
6.2 Photoelectric Effect 
9 . For the same monochromatic light source, would 
the photoelectric effect occur for all metals? 
10 . In the interpretation of the photoelectric effect, 
how is it known that an electron does not absorb 
more than one photon? 
11 . Explain how you can determine the work 
function from a plot of the stopping potential 
versus the frequency of the incident radiation in 
a photoelectric effect experiment. Can you 
determine the value of Planck’s constant from 
this plot? 
12 . Suppose that in the photoelectric-effect 
experiment we make a plot of the detected 
current versus the applied potential difference. 
What information do we obtain from such a plot? 
Can we determine from it the value of Planck’s 
constant? Can we determine the work function 
of the metal? 
13 . Speculate how increasing the temperature of a 
photoelectrode affects the outcomes of the 
photoelectric effect experiment. 
14 . Which aspects of the photoelectric effect cannot 
be explained by classical physics? 
15 . Is the photoelectric effect a consequence of the 
wave character of radiation or is it a 
consequence of the particle character of 
radiation? Explain briefly. 
16 . The metals sodium, iron, and molybdenum have 
work functions 2.5 eV, 3.9 eV, and 4.2 eV, 
respectively. Which of these metals will emit 
photoelectrons when illuminated with 400 nm 
light? 
6.3 The Compton Effect 
17 . Discuss any similarities and differences between 
the photoelectric and the Compton effects. 
18 . Which has a greater momentum: an UV photon 
or an IR photon? 
19 . Does changing the intensity of a monochromatic 
light beam affect the momentum of the 
individual photons in the beam? Does such a 
change affect the net momentum of the beam? 
20 . Can the Compton effect occur with visible light? 
If so, will it be detectable? 
21 . Is it possible in the Compton experiment to 
observe scattered X-rays that have a shorter 
wavelength than the incident X-ray radiation? 
22 . Show that the Compton wavelength has the 
dimension of length. 
23 . At what scattering angle is the wavelength shift 
in the Compton effect equal to the Compton 
wavelength? 
6.4 Bohr’s Model of the Hydrogen Atom 
24 . Explain why the patterns of bright emission 
spectral lines have an identical spectral position 
to the pattern of dark absorption spectral lines 
for a given gaseous element. 
25 . Do the various spectral lines of the hydrogen 
atom overlap? 
26 . The Balmer series for hydrogen was discovered 
before either the Lyman or the Paschen series. 
Why? 
27 . When the absorption spectrum of hydrogen at 
room temperature is analyzed, absorption lines 
for the Lyman series are found, but none are 
found for the Balmer series. What does this tell 
276     6 • Chapter Review
Access for free at openstax.org


us about the energy state of most hydrogen 
atoms at room temperature? 
28 . Hydrogen accounts for about 75% by mass of 
the matter at the surfaces of most stars. 
However, the absorption lines of hydrogen are 
strongest (of highest intensity) in the spectra of 
stars with a surface temperature of about 9000 
K. They are weaker in the sun spectrum and are 
essentially nonexistent in very hot 
(temperatures above 25,000 K) or rather cool 
(temperatures below 3500 K) stars. Speculate 
as to why surface temperature affects the 
hydrogen absorption lines that we observe. 
29 . Discuss the similarities and differences between 
Thomson’s model of the hydrogen atom and 
Bohr’s model of the hydrogen atom. 
30 . Discuss the way in which Thomson’s model is 
nonphysical. Support your argument with 
experimental evidence. 
31 . If, in a hydrogen atom, an electron moves to an 
orbit with a larger radius, does the energy of the 
hydrogen atom increase or decrease? 
32 . How is the energy conserved when an atom 
makes a transition from a higher to a lower 
energy state? 
33 . Suppose an electron in a hydrogen atom makes 
a transition from the (n+1)th orbit to the nth 
orbit. Is the wavelength of the emitted photon 
longer for larger values of n, or for smaller values 
of n? 
34 . Discuss why the allowed energies of the 
hydrogen atom are negative. 
35 . Can a hydrogen atom absorb a photon whose 
energy is greater than 13.6 eV? 
36 . Why can you see through glass but not through 
wood? 
37 . Do gravitational forces have a significant effect 
on atomic energy levels? 
38 . Show that Planck’s constant has the dimensions 
of angular momentum. 
6.5 De Broglie’s Matter Waves 
39 . Which type of radiation is most suitable for the 
observation of diffraction patterns on crystalline 
solids; radio waves, visible light, or X-rays? 
Explain. 
40 . Speculate as to how the diffraction patterns of a 
typical crystal would be affected if 
 were 
used instead of X-rays. 
41 . If an electron and a proton are traveling at the 
same speed, which one has the shorter de 
Broglie wavelength? 
42 . If a particle is accelerating, how does this affect 
its de Broglie wavelength? 
43 . Why is the wave-like nature of matter not 
observed every day for macroscopic objects? 
44 . What is the wavelength of a neutron at rest? 
Explain. 
45 . Why does the setup of Davisson–Germer 
experiment need to be enclosed in a vacuum 
chamber? Discuss what result you expect when 
the chamber is not evacuated. 
6.6 Wave-Particle Duality 
46 . Give an example of an experiment in which light 
behaves as waves. Give an example of an 
experiment in which light behaves as a stream of 
photons. 
47 . Discuss: How does the interference of water 
waves differ from the interference of electrons? 
How are they analogous? 
48 . Give at least one argument in support of the 
matter-wave hypothesis. 
49 . Give at least one argument in support of the 
particle-nature of radiation. 
50 . Explain the importance of the Young double-slit 
experiment. 
51 . Does the Heisenberg uncertainty principle allow 
a particle to be at rest in a designated region in 
space? 
52 . Can the de Broglie wavelength of a particle be 
known exactly? 
53 . Do the photons of red light produce better 
resolution in a microscope than blue light 
photons? Explain. 
54 . Discuss the main difference between an SEM 
and a TEM. 
6 • Chapter Review     277


Problems 
6.1 Blackbody Radiation 
55 . A 200-W heater emits a 1.5-µm radiation. (a) 
What value of the energy quantum does it emit? 
(b) Assuming that the specific heat of a 4.0-kg 
body is 
 how many of these 
photons must be absorbed by the body to 
increase its temperature by 2 K? (c) How long 
does the heating process in (b) take, assuming 
that all radiation emitted by the heater gets 
absorbed by the body? 
56 . A 900-W microwave generator in an oven 
generates energy quanta of frequency 2560 
MHz. (a) How many energy quanta does it emit 
per second? (b) How many energy quanta must 
be absorbed by a pasta dish placed in the 
radiation cavity to increase its temperature by 
45.0 K? Assume that the dish has a mass of 0.5 
kg and that its specific heat is 
(c) Assume that all energy quanta emitted by the 
generator are absorbed by the pasta dish. How 
long must we wait until the dish in (b) is ready? 
57 . (a) For what temperature is the peak of 
blackbody radiation spectrum at 400 nm? (b) If 
the temperature of a blackbody is 800 K, at what 
wavelength does it radiate the most energy? 
58 . The tungsten elements of incandescent light 
bulbs operate at 3200 K. At what wavelength 
does the filament radiate maximum energy? 
59 . Interstellar space is filled with radiation of 
wavelength 
 This radiation is considered 
to be a remnant of the “big bang.” What is the 
corresponding blackbody temperature of this 
radiation? 
60 . The radiant energy from the sun reaches its 
maximum at a wavelength of about 500.0 nm. 
What is the approximate temperature of the 
sun’s surface? 
6.2 Photoelectric Effect 
61 . A photon has energy 20 keV. What are its 
frequency and wavelength? 
62 . The wavelengths of visible light range from 
approximately 400 to 750 nm. What is the 
corresponding range of photon energies for 
visible light? 
63 . What is the longest wavelength of radiation that 
can eject a photoelectron from silver? Is it in the 
visible range? 
64 . What is the longest wavelength of radiation that 
can eject a photoelectron from potassium, given 
the work function of potassium 2.24 eV? Is it in 
the visible range? 
65 . Estimate the binding energy of electrons in 
magnesium, given that the wavelength of 337 
nm is the longest wavelength that a photon may 
have to eject a photoelectron from magnesium 
photoelectrode. 
66 . The work function for potassium is 2.24 eV. 
What is the cutoff frequency when this metal is 
used as photoelectrode? What is the stopping 
potential for the emitted electrons when this 
photoelectrode is exposed to radiation of 
frequency 1200 THz? 
67 . Estimate the work function of aluminum, given 
that the wavelength of 304 nm is the longest 
wavelength that a photon may have to eject a 
photoelectron from an aluminum 
photoelectrode. 
68 . What is the maximum kinetic energy of 
photoelectrons ejected from sodium by the 
incident radiation of wavelength 450 nm? 
69 . A 120-nm UV radiation illuminates a silver-
plated electrode. What is the maximum kinetic 
energy of the ejected photoelectrons? 
70 . A 400-nm violet light ejects photoelectrons with 
a maximum kinetic energy of 0.860 eV from 
sodium photoelectrode. What is the work 
function of sodium? 
71 . A 600-nm light falls on a photoelectric surface 
and electrons with the maximum kinetic energy 
of 0.17 eV are emitted. Determine (a) the work 
function and (b) the cutoff frequency of the 
surface. (c) What is the stopping potential when 
the surface is illuminated with light of 
wavelength 400 nm? 
72 . The cutoff wavelength for the emission of 
photoelectrons from a particular surface is 500 
nm. Find the maximum kinetic energy of the 
ejected photoelectrons when the surface is 
illuminated with light of wavelength 600 nm. 
73 . Find the wavelength of radiation that can eject 
2.00-eV electrons from calcium electrode. The 
work function for calcium is 2.71 eV. In what 
range is this radiation? 
74 . Find the wavelength of radiation that can eject 
278     6 • Chapter Review
Access for free at openstax.org


0.10-eV electrons from potassium electrode. 
The work function for potassium is 2.24 eV. In 
what range is this radiation? 
75 . Find the maximum velocity of photoelectrons 
ejected by an 80-nm radiation, if the work 
function of photoelectrode is 4.73 eV. 
6.3 The Compton Effect 
76 . What is the momentum of a 589-nm yellow 
photon? 
77 . What is the momentum of a 4-cm microwave 
photon? 
78 . In a beam of white light (wavelengths from 400 
to 750 nm), what range of momentum can the 
photons have? 
79 . What is the energy of a photon whose 
momentum is 
 ? 
80 . What is the wavelength of (a) a 12-keV X-ray 
photon; (b) a 2.0-MeV -ray photon? 
81 . Find the momentum and energy of a 1.0-Å 
photon. 
82 . Find the wavelength and energy of a photon with 
momentum 
83 . A -ray photon has a momentum of 
 Find its wavelength and 
energy. 
84 . (a) Calculate the momentum of a 
photon. (b) Find the velocity of an electron with 
the same momentum. (c) What is the kinetic 
energy of the electron, and how does it compare 
to that of the photon? 
85 . Show that 
 and 
 are consistent 
with the relativistic formula 
86 . Show that the energy E in eV of a photon is given 
by 
 where  is its 
wavelength in meters. 
87 . For collisions with free electrons, compare the 
Compton shift of a photon scattered as an angle 
of 
 to that of a photon scattered at 
88 . X-rays of wavelength 12.5 pm are scattered 
from a block of carbon. What are the 
wavelengths of photons scattered at (a) 
 (b) 
 and, (c) 
 ? 
6.4 Bohr’s Model of the Hydrogen Atom 
89 . Calculate the wavelength of the first line in the 
Lyman series and show that this line lies in the 
ultraviolet part of the spectrum. 
90 . Calculate the wavelength of the fifth line in the 
Lyman series and show that this line lies in the 
ultraviolet part of the spectrum. 
91 . Calculate the energy changes corresponding to 
the transitions of the hydrogen atom: (a) from 
 to 
 (b) from 
 to 
 and (c) 
from 
 to 
∞
92 . Determine the wavelength of the third Balmer 
line (transition from 
 to 
). 
93 . What is the frequency of the photon absorbed 
when the hydrogen atom makes the transition 
from the ground state to the 
 state? 
94 . When a hydrogen atom is in its ground state, 
what are the shortest and longest wavelengths 
of the photons it can absorb without being 
ionized? 
95 . When a hydrogen atom is in its third excided 
state, what are the shortest and longest 
wavelengths of the photons it can emit? 
96 . What is the longest wavelength that light can 
have if it is to be capable of ionizing the 
hydrogen atom in its ground state? 
97 . For an electron in a hydrogen atom in the 
state, compute: (a) the angular momentum; (b) 
the kinetic energy; (c) the potential energy; and 
(d) the total energy. 
98 . Find the ionization energy of a hydrogen atom in 
the fourth energy state. 
99 . It has been measured that it required 0.850 eV 
to remove an electron from the hydrogen atom. 
In what state was the atom before the ionization 
happened? 
100 . What is the radius of a hydrogen atom when the 
electron is in the first excited state? 
101 . Find the shortest wavelength in the Balmer 
series. In what part of the spectrum does this 
line lie? 
102 . Show that the entire Paschen series lies in the 
infrared part of the spectrum. 
103 . Do the Balmer series and the Lyman series 
overlap? Why? Why not? (Hint: calculate the 
shortest Balmer line and the longest Lyman 
line.) 
6 • Chapter Review     279


104 . (a) Which line in the Balmer series is the first one 
in the UV part of the spectrum? (b) How many 
Balmer lines lie in the visible part of the 
spectrum? (c) How many Balmer lines lie in the 
UV? 
105 . A 
 emission line of atomic hydrogen 
corresponds to transition between the states 
 and 
 Find 
6.5 De Broglie’s Matter Waves 
106 . At what velocity will an electron have a 
wavelength of 1.00 m? 
107 . What is the de Broglie wavelength of an electron 
travelling at a speed of 
 ? 
108 . What is the de Broglie wavelength of an electron 
that is accelerated from rest through a potential 
difference of 20 kV? 
109 . What is the de Broglie wavelength of a proton 
whose kinetic energy is 2.0 MeV? 10.0 MeV? 
110 . What is the de Broglie wavelength of a young 
cheetah running at a speed of 8.0 m/s? 
111 . (a) What is the energy of an electron whose de 
Broglie wavelength is that of a photon of yellow 
light with wavelength 590 nm? (b) What is the de 
Broglie wavelength of an electron whose energy 
is that of the photon of yellow light? 
112 . The de Broglie wavelength of a neutron is 0.01 
nm. What is the speed and energy of this 
neutron? 
113 . What is the wavelength of an electron that is 
moving at a 3% of the speed of light? 
114 . At what velocity does a proton have a 6.0-fm 
wavelength (about the size of a nucleus)? Give 
your answer in units of c. 
115 . What is the velocity of a 0.400-kg billiard ball if 
its wavelength is 7.50 fm? 
116 . Find the wavelength of a proton that is moving at 
1.00% of the speed of light (when 
6.6 Wave-Particle Duality 
117 . An AM radio transmitter radiates 500 kW at a 
frequency of 760 kHz. How many photons per 
second does the emitter emit? 
118 . Find the Lorentz factor  and de Broglie’s 
wavelength for a 50-GeV electron in a particle 
accelerator. 
119 . Find the Lorentz factor  and de Broglie’s 
wavelength for a 1.0-TeV proton in a particle 
accelerator. 
120 . What is the kinetic energy of a 0.01-nm electron 
in a TEM? 
121 . If electron is to be diffracted significantly by a 
crystal, its wavelength must be about equal to 
the spacing, d, of crystalline planes. Assuming 
 estimate the potential difference 
through which an electron must be accelerated 
from rest if it is to be diffracted by these planes. 
122 . X-rays form ionizing radiation that is dangerous 
to living tissue and undetectable to the human 
eye. Suppose that a student researcher working 
in an X-ray diffraction laboratory is accidentally 
exposed to a fatal dose of radiation. Calculate 
the temperature increase of the researcher 
under the following conditions: the energy of X-
ray photons is 200 keV and the researcher 
absorbs 
 photons per each kilogram of 
body weight during the exposure. Assume that 
the specific heat of the student’s body is 
123 . Solar wind (radiation) that is incident on the top 
of Earth’s atmosphere has an average intensity 
of 
 Suppose that you are building a 
solar sail that is to propel a small toy spaceship 
with a mass of 0.1 kg in the space between the 
International Space Station and the moon. The 
sail is made from a very light material, which 
perfectly reflects the incident radiation. To 
assess whether such a project is feasible, 
answer the following questions, assuming that 
radiation photons are incident only in normal 
direction to the sail reflecting surface. (a) What 
is the radiation pressure (force per 
) of the 
radiation falling on the mirror-like sail? (b) Given 
the radiation pressure computed in (a), what will 
be the acceleration of the spaceship when the 
sail has of an area of 
 ? (c) Given the 
acceleration estimate in (b), how fast will the 
spaceship be moving after 24 hours when it 
starts from rest? 
124 . Treat the human body as a blackbody and 
determine the percentage increase in the total 
power of its radiation when its temperature 
increases from 98.6  F to 103  F. 
125 . Show that Wien’s displacement law results from 
Planck’s radiation law. (Hint: substitute 
 and write Planck’s law in the form 
280     6 • Chapter Review
Access for free at openstax.org


 where 
 Now, for fixed T, find the 
position of the maximum in I(x,T) by solving for x 
in the equation 
) 
126 . Show that Stefan’s law results from Planck’s 
radiation law. Hint: To compute the total power 
of blackbody radiation emitted across the entire 
spectrum of wavelengths at a given 
temperature, integrate Planck’s law over the 
entire spectrum 
∞
 Use 
the substitution 
 and the tabulated 
value of the integral 
∞
Additional Problems 
127 . Determine the power intensity of radiation per 
unit wavelength emitted at a wavelength of 
500.0 nm by a blackbody at a temperature of 
10,000 K. 
128 . The HCl molecule oscillates at a frequency of 
87.0 THz. What is the difference (in eV) between 
its adjacent energy levels? 
129 . A quantum mechanical oscillator vibrates at a 
frequency of 250.0 THz. What is the minimum 
energy of radiation it can emit? 
130 . In about 5 billion years, the sun will evolve to a 
red giant. Assume that its surface temperature 
will decrease to about half its present value of 
6000 K, while its present radius of 
will increase to 
 (which is the 
current Earth-sun distance). Calculate the ratio 
of the total power emitted by the sun in its red 
giant stage to its present power. 
131 . A sodium lamp emits 2.0 W of radiant energy, 
most of which has a wavelength of about 589 
nm. Estimate the number of photons emitted per 
second by the lamp. 
132 . Photoelectrons are ejected from a 
photoelectrode and are detected at a distance of 
2.50 cm away from the photoelectrode. The 
work function of the photoelectrode is 2.71 eV 
and the incident radiation has a wavelength of 
420 nm. How long does it take a photoelectron 
to travel to the detector? 
133 . If the work function of a metal is 3.2 eV, what is 
the maximum wavelength that a photon can 
have to eject a photoelectron from this metal 
surface? 
134 . The work function of a photoelectric surface is 
2.00 eV. What is the maximum speed of the 
photoelectrons emitted from this surface when a 
450-nm light falls on it? 
135 . A 400-nm laser beam is projected onto a 
calcium electrode. The power of the laser beam 
is 2.00 mW and the work function of calcium is 
2.31 eV. (a) How many photoelectrons per 
second are ejected? (b) What net power is 
carried away by photoelectrons? 
136 . (a) Calculate the number of photoelectrons per 
second that are ejected from a 1.00-mm2 area 
of sodium metal by a 500-nm radiation with 
intensity 
 (the intensity of sunlight 
above Earth’s atmosphere). (b) Given the work 
function of the metal as 2.28 eV, what power is 
carried away by these photoelectrons? 
137 . A laser with a power output of 2.00 mW at a 
400-nm wavelength is used to project a beam of 
light onto a calcium photoelectrode. (a) How 
many photoelectrons leave the calcium surface 
per second? (b) What power is carried away by 
ejected photoelectrons, given that the work 
function of calcium is 2.31 eV? (c) Calculate the 
photocurrent. (d) If the photoelectrode suddenly 
becomes electrically insulated and the setup of 
two electrodes in the circuit suddenly starts to 
act like a 2.00-pF capacitor, how long will 
current flow before the capacitor voltage stops 
it? 
138 . The work function for barium is 2.48 eV. Find the 
maximum kinetic energy of the ejected 
photoelectrons when the barium surface is 
illuminated with: (a) radiation emitted by a 
100-kW radio station broadcasting at 800 kHz; 
(b) a 633-nm laser light emitted from a powerful 
He-Ne laser; and (c) a 434-nm blue light emitted 
by a small hydrogen gas discharge tube. 
139 . (a) Calculate the wavelength of a photon that 
has the same momentum as a proton moving 
with 1% of the speed of light in a vacuum. (b) 
What is the energy of this photon in MeV? (c) 
What is the kinetic energy of the proton in MeV? 
140 . (a) Find the momentum of a 100-keV X-ray 
photon. (b) Find the velocity of a neutron with 
6 • Chapter Review     281


the same momentum. (c) What is the neutron’s 
kinetic energy in eV? 
141 . The momentum of light, as it is for particles, is 
exactly reversed when a photon is reflected 
straight back from a mirror, assuming negligible 
recoil of the mirror. The change in momentum is 
twice the photon’s incident momentum, as it is 
for the particles. Suppose that a beam of light 
has an intensity 
 and falls on a 
 area of a mirror and reflects from it. (a) 
Calculate the energy reflected in 1.00 s. (b) 
What is the momentum imparted to the mirror? 
(c) Use Newton’s second law to find the force on 
the mirror. (d) Does the assumption of no-recoil 
for the mirror seem reasonable? 
142 . A photon of energy 5.0 keV collides with a 
stationary electron and is scattered at an angle 
of 
 What is the energy acquired by the 
electron in the collision? 
143 . A 0.75-nm photon is scattered by a stationary 
electron. The speed of the electron’s recoil is 
 (a) Find the wavelength shift of 
the photon. (b) Find the scattering angle of the 
photon. 
144 . Find the maximum change in X-ray wavelength 
that can occur due to Compton scattering. Does 
this change depend on the wavelength of the 
incident beam? 
145 . A photon of wavelength 700 nm is incident on a 
hydrogen atom. When this photon is absorbed, 
the atom becomes ionized. What is the lowest 
possible orbit that the electron could have 
occupied before being ionized? 
146 . What is the maximum kinetic energy of an 
electron such that a collision between the 
electron and a stationary hydrogen atom in its 
ground state is definitely elastic? 
147 . Singly ionized atomic helium 
 is a 
hydrogen-like ion. (a) What is its ground-state 
radius? (b) Calculate the energies of its four 
lowest energy states. (c) Repeat the calculations 
for the 
 ion. 
148 . A triply ionized atom of beryllium 
 is a 
hydrogen-like ion. When 
 is in one of its 
excited states, its radius in this nth state is 
exactly the same as the radius of the first Bohr 
orbit of hydrogen. Find n and compute the 
ionization energy for this state of 
149 . In extreme-temperature environments, such as 
those existing in a solar corona, atoms may be 
ionized by undergoing collisions with other 
atoms. One example of such ionization in the 
solar corona is the presence of 
 ions, 
detected in the Fraunhofer spectrum. (a) By 
what factor do the energies of the 
 ion scale 
compare to the energy spectrum of a hydrogen 
atom? (b) What is the wavelength of the first line 
in the Paschen series of 
 ? (c) In what part of 
the spectrum are these lines located? 
150 . (a) Calculate the ionization energy for 
 (b) 
What is the minimum frequency of a photon 
capable of ionizing 
 ? 
151 . Experiments are performed with ultracold 
neutrons having velocities as small as 1.00 m/s. 
Find the wavelength of such an ultracold neutron 
and its kinetic energy. 
152 . Find the velocity and kinetic energy of a 6.0-fm 
neutron. (Rest mass energy of neutron is 
153 . The spacing between crystalline planes in the 
NaCl crystal is 0.281 nm, as determined by X-ray 
diffraction with X-rays of wavelength 0.170 nm. 
What is the energy of neutrons in the neutron 
beam that produces diffraction peaks at the 
same locations as the peaks obtained with the 
X-rays? 
154 . What is the wavelength of an electron 
accelerated from rest in a 30.0-kV potential 
difference? 
155 . Calculate the velocity of a 
 electron and a 
potential difference used to accelerate it from 
rest to this velocity. 
156 . In a supercollider at CERN, protons are 
accelerated to velocities of 0.25c. What are their 
wavelengths at this speed? What are their 
kinetic energies? If a beam of protons were to 
gain its kinetic energy in only one pass through a 
potential difference, how high would this 
potential difference have to be? (Rest mass 
energy of a proton is 
157 . Find the de Broglie wavelength of an electron 
accelerated from rest in an X-ray tube in a 
potential difference of 100 keV. (Rest mass 
energy of an electron is 
158 . The cutoff wavelength for the emission of 
photoelectrons from a particular surface is 500 
nm. Find the maximum kinetic energy of the 
282     6 • Chapter Review
Access for free at openstax.org


ejected photoelectrons when the surface is 
illuminated with light of wavelength 450 nm. 
159 . Compare the wavelength shift of a photon 
scattered by a free electron to that of a photon 
scattered at the same angle by a free proton. 
160 . The spectrometer used to measure the 
wavelengths of the scattered X-rays in the 
Compton experiment is accurate to 
 What is the minimum scattering 
angle for which the X-rays interacting with the 
free electrons can be distinguished from those 
interacting with the atoms? 
161 . Consider a hydrogen-like ion where an electron 
is orbiting a nucleus that has charge 
Derive the formulas for the energy 
 of the 
electron in nth orbit and the orbital radius 
162 . Assume that a hydrogen atom exists in the 
excited state for 
 before decaying to the 
ground state. How many times does the electron 
orbit the proton nucleus during this time? How 
long does it take Earth to orbit the sun this many 
times? 
163 . An atom can be formed when a negative muon is 
captured by a proton. The muon has the same 
charge as the electron and a mass 207 times 
that of the electron. Calculate the frequency of 
the photon emitted when this atom makes the 
transition from 
 to the 
 state. Assume 
that the muon is orbiting a stationary proton. 
6 • Chapter Review     283


284     6 • Chapter Review
Access for free at openstax.org


INTRODUCTION 
CHAPTER 7 
Quantum Mechanics 
7.1 Wave Functions 
7.2 The Heisenberg Uncertainty Principle 
7.3 The Schrӧdinger Equation 
7.4 The Quantum Particle in a Box 
7.5 The Quantum Harmonic Oscillator 
7.6 The Quantum Tunneling of Particles through Potential Barriers 
Quantum mechanics is a powerful framework for understanding the motions and interactions of 
particles at small scales, such as atoms and molecules. The ideas behind quantum mechanics often appear quite 
strange. In many ways, our everyday experience with the macroscopic physical world does not prepare us for the 
microscopic world of quantum mechanics. The purpose of this chapter is to introduce you to this exciting world. 
Pictured above is a quantum-computer processor. This device is the “brain” of a quantum computer that operates at 
near-absolute zero temperatures. Unlike a digital computer, which encodes information in binary digits (definite 
states of either zero or one), a quantum computer encodes information in quantum bits or qubits (mixed states of 
zero and one). Quantum computers are discussed in the first section of this chapter. 
7.1 Wave Functions 
LEARNING OBJECTIVES 
By the end of this section, you will be able to: 
• Describe the statistical interpretation of the wave function 
• Use the wave function to determine probabilities 
• Calculate expectation values of position, momentum, and kinetic energy 
In the preceding chapter, we saw that particles act in some cases like particles and in other cases like waves. But 
FIGURE 7.1 A D-wave qubit processor: The brain of a quantum computer that encodes information in quantum bits to perform complex 
calculations. (credit: modification of work by D-Wave Systems, Inc.) 
CHAPTER OUTLINE 


what does it mean for a particle to “act like a wave”? What precisely is “waving”? What rules govern how this wave 
changes and propagates? How is the wave function used to make predictions? For example, if the amplitude of an 
electron wave is given by a function of position and time, 
, defined for all x, where exactly is the electron? The 
purpose of this chapter is to answer these questions. 
Using the Wave Function 
A clue to the physical meaning of the wave function 
 is provided by the two-slit interference of 
monochromatic light (Figure 7.2). (See also Electromagnetic Waves (http://openstax.org/books/university-physics-
volume-2/pages/16-introduction) and Interference.) The wave function of a light wave is given by E(x,t), and its 
energy density is given by 
, where E is the electric field strength. The energy of an individual photon depends 
only on the frequency of light, 
 so 
 is proportional to the number of photons. When light waves 
from 
 interfere with light waves from 
 at the viewing screen (a distance D away), an interference pattern is 
produced (part (a) of the figure). Bright fringes correspond to points of constructive interference of the light waves, 
and dark fringes correspond to points of destructive interference of the light waves (part (b)). 
Suppose the screen is initially unexposed to light. If the screen is exposed to very weak light, the interference 
pattern appears gradually (Figure 7.2(c), left to right). Individual photon hits on the screen appear as dots. The dot 
density is expected to be large at locations where the interference pattern will be, ultimately, the most intense. In 
other words, the probability (per unit area) that a single photon will strike a particular spot on the screen is 
proportional to the square of the total electric field, 
 at that point. Under the right conditions, the same 
interference pattern develops for matter particles, such as electrons. 
286
7 • Quantum Mechanics
Access for free at openstax.org


FIGURE 7.2 Two-slit interference of monochromatic light. (a) Schematic of two-slit interference; (b) light interference pattern; (c) 
interference pattern built up gradually under low-intensity light (left to right). 
INTERACTIVE 
Visit this interactive simulation (https://openstax.org/l/21intquawavint) to learn more about quantum wave 
interference. 
The square of the matter wave 
 in one dimension has a similar interpretation as the square of the electric field 
. It gives the probability that a particle will be found at a particular position and time per unit length, also called 
the probability density. The probability (P) a particle is found in a narrow interval (x, x + dx) at time t is therefore 
(Later, we define the magnitude squared for the general case of a function with “imaginary parts.”) This probabilistic 
interpretation of the wave function is called the Born interpretation. Examples of wave functions and their squares 
for a particular time t are given in Figure 7.3. 
7.1 
7.1 • Wave Functions
287


FIGURE 7.3 Several examples of wave functions and the corresponding square of their wave functions. 
If the wave function varies slowly over the interval 
, the probability a particle is found in the interval is 
approximately 
Notice that squaring the wave function ensures that the probability is positive. (This is analogous to squaring the 
electric field strength—which may be positive or negative—to obtain a positive value of intensity.) However, if the 
wave function does not vary slowly, we must integrate: 
This probability is just the area under the function 
 between x and 
. The probability of finding the 
particle “somewhere” (the normalization condition) is 
For a particle in two dimensions, the integration is over an area and requires a double integral; for a particle in three 
dimensions, the integration is over a volume and requires a triple integral. For now, we stick to the simple one-
dimensional case. 
EXAMPLE 7.1 
Where Is the Ball? (Part I) 
A ball is constrained to move along a line inside a tube of length L. The ball is equally likely to be found anywhere in 
the tube at some time t. What is the probability of finding the ball in the left half of the tube at that time? (The 
7.2 
7.3 
∞
∞
∞
∞
7.4 
288
7 • Quantum Mechanics
Access for free at openstax.org


answer is 50%, of course, but how do we get this answer by using the probabilistic interpretation of the quantum 
mechanical wave function?) 
Strategy 
The first step is to write down the wave function. The ball is equally like to be found anywhere in the box, so one way 
to describe the ball with a constant wave function (Figure 7.4). The normalization condition can be used to find the 
value of the function and a simple integration over half of the box yields the final answer. 
FIGURE 7.4 Wave function for a ball in a tube of length L. 
Solution 
The wave function of the ball can be written as 
 where C is a constant, and 
otherwise. We can determine the constant C by applying the normalization condition (we set 
 to simplify the 
notation): 
∞
∞
∞
∞
This integral can be broken into three parts: (1) negative infinity to zero, (2) zero to L, and (3) L to infinity. The 
particle is constrained to be in the tube, so 
 outside the tube and the first and last integrations are zero. The 
above equation can therefore be written 
The value C does not depend on x and can be taken out of the integral, so we obtain 
Integration gives 
To determine the probability of finding the ball in the first half of the box 
 we have 
7.1 • Wave Functions
289


Significance 
The probability of finding the ball in the first half of the tube is 50%, as expected. Two observations are noteworthy. 
First, this result corresponds to the area under the constant function from 
 to L/2 (the area of a square left of 
L/2). Second, this calculation requires an integration of the square of the wave function. A common mistake in 
performing such calculations is to forget to square the wave function before integration. 
EXAMPLE 7.2 
Where Is the Ball? (Part II) 
A ball is again constrained to move along a line inside a tube of length L. This time, the ball is found preferentially in 
the middle of the tube. One way to represent its wave function is with a simple cosine function (Figure 7.5). What is 
the probability of finding the ball in the last one-quarter of the tube? 
FIGURE 7.5 Wave function for a ball in a tube of length L, where the ball is preferentially in the middle of the tube. 
Strategy 
We use the same strategy as before. In this case, the wave function has two unknown constants: One is associated 
with the wavelength of the wave and the other is the amplitude of the wave. We determine the amplitude by using 
the boundary conditions of the problem, and we evaluate the wavelength by using the normalization condition. 
Integration of the square of the wave function over the last quarter of the tube yields the final answer. The 
calculation is simplified by centering our coordinate system on the peak of the wave function. 
Solution 
The wave function of the ball can be written 
where A is the amplitude of the wave function and 
 is its wave number. Beyond this interval, the amplitude 
of the wave function is zero because the ball is confined to the tube. Requiring the wave function to terminate at the 
right end of the tube gives 
Evaluating the wave function at 
 gives 
This equation is satisfied if the argument of the cosine is an integral multiple of 
 and so on. In this 
290
7 • Quantum Mechanics
Access for free at openstax.org"
"If the Sun were suddenly replaced by a black hole of the same mass, it would have a Schwarzschild radius of 3,000 m. What effect, if any, would this change have on the orbits of the planets?",3,3,BENAR,"FIGURE 6.5 In the Orion constellation, the red star Betelgeuse, which usually takes on a yellowish tint, appears as the figure’s right 
shoulder (in the upper left). The giant blue star on the bottom right is Rigel, which appears as the hunter’s left foot. (credit left: modification 
of work by Matthew Spinelli, NASA APOD) 
The second experimental relation is Stefan’s law, which concerns the total power of blackbody radiation emitted 
across the entire spectrum of wavelengths at a given temperature. In Figure 6.3, this total power is represented by 
the area under the blackbody radiation curve for a given T. As the temperature of a blackbody increases, the total 
emitted power also increases. Quantitatively, Stefan’s law expresses this relation as 
where 
 is the surface area of a blackbody, T is its temperature (in kelvins), and  is the Stefan–Boltzmann 
constant, 
 Stefan’s law enables us to estimate how much energy a star is radiating 
by remotely measuring its temperature. 
EXAMPLE 6.2 
Power Radiated by Stars 
A star such as our Sun will eventually evolve to a “red giant” star and then to a “white dwarf” star. A typical white 
dwarf is approximately the size of Earth, and its surface temperature is about 
 A typical red giant has a 
surface temperature of 
 and a radius ~100,000 times larger than that of a white dwarf. What is the 
average radiated power per unit area and the total power radiated by each of these types of stars? How do they 
compare? 
Strategy 
If we treat the star as a blackbody, then according to Stefan’s law, the total power that the star radiates is 
proportional to the fourth power of its temperature. To find the power radiated per unit area of the surface, we do 
not need to make any assumptions about the shape of the star because P/A depends only on temperature. However, 
to compute the total power, we need to make an assumption that the energy radiates through a spherical surface 
enclosing the star, so that the surface area is 
 where R is its radius. 
Solution 
A simple proportion based on Stefan’s law gives 
6.4 
6.1 • Blackbody Radiation
235

---

The power emitted per unit area by a white dwarf is about 5000 times that the power emitted by a red giant. 
Denoting this ratio by 
 Equation 6.5 gives 
We see that the total power emitted by a white dwarf is a tiny fraction of the total power emitted by a red giant. 
Despite its relatively lower temperature, the overall power radiated by a red giant far exceeds that of the white dwarf 
because the red giant has a much larger surface area. To estimate the absolute value of the emitted power per unit 
area, we again use Stefan’s law. For the white dwarf, we obtain 
The analogous result for the red giant is obtained by scaling the result for a white dwarf: 
Significance 
To estimate the total power emitted by a white dwarf, or a red giant, we could use Equation 6.7, estimating the 
surface area using the approximate sizes indicated in the problem statement. 
CHECK YOUR UNDERSTANDING 6.2 
An iron poker is being heated. As its temperature rises, the poker begins to glow—first dull red, then bright red, then 
orange, and then yellow. Use either the blackbody radiation curve or Wien’s law to explain these changes in the 
color of the glow. 
CHECK YOUR UNDERSTANDING 6.3 
Suppose that two stars,  and 
 radiate exactly the same total power. If the radius of star  is three times that of 
star 
 what is the ratio of the surface temperatures of these stars? Which one is hotter? 
The term “blackbody” was coined by Gustav R. Kirchhoff in 1862. The blackbody radiation curve was known 
experimentally, but its shape eluded physical explanation until the year 1900. The physical model of a blackbody at 
temperature T is that of the electromagnetic waves enclosed in a cavity (see Figure 6.2) and at thermodynamic 
equilibrium with the cavity walls. The waves can exchange energy with the walls. The objective here is to find the 
energy density distribution among various modes of vibration at various wavelengths (or frequencies). In other 
words, we want to know how much energy is carried by a single wavelength or a band of wavelengths. Once we 
know the energy distribution, we can use standard statistical methods (similar to those studied in a previous 
chapter) to obtain the blackbody radiation curve, Stefan’s law, and Wien’s displacement law. When the physical 
model is correct, the theoretical predictions should be the same as the experimental curves. 
In a classical approach to the blackbody radiation problem, in which radiation is treated as waves (as you have 
studied in previous chapters), the modes of electromagnetic waves trapped in the cavity are in equilibrium and 
continually exchange their energies with the cavity walls. There is no physical reason why a wave should do 
otherwise: Any amount of energy can be exchanged, either by being transferred from the wave to the material in the 
wall or by being received by the wave from the material in the wall. This classical picture is the basis of the model 
developed by Lord Rayleigh and, independently, by Sir James Jeans. The result of this classical model for blackbody 
6.5 
6.6 
6.7 
6.8 
236
6 • Photons and Matter Waves
Access for free at openstax.org"
"At 20°C, a pipe open at both ends resonates at a frequency of 440 hertz. At what frequency does the same pipe resonate on a particularly cold day when the speed of sound is 3 percent lower than it would be at 20°C ?",1,1,BENAR,"where 
 Now, for fixed T, find the 
position of the maximum in I(x,T) by solving for x 
in the equation 
) 
126 . Show that Stefan’s law results from Planck’s 
radiation law. Hint: To compute the total power 
of blackbody radiation emitted across the entire 
spectrum of wavelengths at a given 
temperature, integrate Planck’s law over the 
entire spectrum 
∞
 Use 
the substitution 
 and the tabulated 
value of the integral 
∞
Additional Problems 
127 . Determine the power intensity of radiation per 
unit wavelength emitted at a wavelength of 
500.0 nm by a blackbody at a temperature of 
10,000 K. 
128 . The HCl molecule oscillates at a frequency of 
87.0 THz. What is the difference (in eV) between 
its adjacent energy levels? 
129 . A quantum mechanical oscillator vibrates at a 
frequency of 250.0 THz. What is the minimum 
energy of radiation it can emit? 
130 . In about 5 billion years, the sun will evolve to a 
red giant. Assume that its surface temperature 
will decrease to about half its present value of 
6000 K, while its present radius of 
will increase to 
 (which is the 
current Earth-sun distance). Calculate the ratio 
of the total power emitted by the sun in its red 
giant stage to its present power. 
131 . A sodium lamp emits 2.0 W of radiant energy, 
most of which has a wavelength of about 589 
nm. Estimate the number of photons emitted per 
second by the lamp. 
132 . Photoelectrons are ejected from a 
photoelectrode and are detected at a distance of 
2.50 cm away from the photoelectrode. The 
work function of the photoelectrode is 2.71 eV 
and the incident radiation has a wavelength of 
420 nm. How long does it take a photoelectron 
to travel to the detector? 
133 . If the work function of a metal is 3.2 eV, what is 
the maximum wavelength that a photon can 
have to eject a photoelectron from this metal 
surface? 
134 . The work function of a photoelectric surface is 
2.00 eV. What is the maximum speed of the 
photoelectrons emitted from this surface when a 
450-nm light falls on it? 
135 . A 400-nm laser beam is projected onto a 
calcium electrode. The power of the laser beam 
is 2.00 mW and the work function of calcium is 
2.31 eV. (a) How many photoelectrons per 
second are ejected? (b) What net power is 
carried away by photoelectrons? 
136 . (a) Calculate the number of photoelectrons per 
second that are ejected from a 1.00-mm2 area 
of sodium metal by a 500-nm radiation with 
intensity 
 (the intensity of sunlight 
above Earth’s atmosphere). (b) Given the work 
function of the metal as 2.28 eV, what power is 
carried away by these photoelectrons? 
137 . A laser with a power output of 2.00 mW at a 
400-nm wavelength is used to project a beam of 
light onto a calcium photoelectrode. (a) How 
many photoelectrons leave the calcium surface 
per second? (b) What power is carried away by 
ejected photoelectrons, given that the work 
function of calcium is 2.31 eV? (c) Calculate the 
photocurrent. (d) If the photoelectrode suddenly 
becomes electrically insulated and the setup of 
two electrodes in the circuit suddenly starts to 
act like a 2.00-pF capacitor, how long will 
current flow before the capacitor voltage stops 
it? 
138 . The work function for barium is 2.48 eV. Find the 
maximum kinetic energy of the ejected 
photoelectrons when the barium surface is 
illuminated with: (a) radiation emitted by a 
100-kW radio station broadcasting at 800 kHz; 
(b) a 633-nm laser light emitted from a powerful 
He-Ne laser; and (c) a 434-nm blue light emitted 
by a small hydrogen gas discharge tube. 
139 . (a) Calculate the wavelength of a photon that 
has the same momentum as a proton moving 
with 1% of the speed of light in a vacuum. (b) 
What is the energy of this photon in MeV? (c) 
What is the kinetic energy of the proton in MeV? 
140 . (a) Find the momentum of a 100-keV X-ray 
photon. (b) Find the velocity of a neutron with 
6 • Chapter Review     281

---

15.4 Pendulums 
728 
15.5 Damped Oscillations 
734 
15.6 Forced Oscillations 
737 
Chapter Review 
742 
CHAPTER 16 
Waves 
751 
Introduction 
751 
16.1 Traveling Waves 
752 
16.2 Mathematics of Waves 
757 
16.3 Wave Speed on a Stretched String 
766 
16.4 Energy and Power of a Wave 
769 
16.5 Interference of Waves 
774 
16.6 Standing Waves and Resonance 
781 
Chapter Review 
791 
CHAPTER 17 
Sound 
807 
Introduction 
807 
17.1 Sound Waves 
808 
17.2 Speed of Sound 
810 
17.3 Sound Intensity 
818 
17.4 Normal Modes of a Standing Sound Wave 
826 
17.5 Sources of Musical Sound 
834 
17.6 Beats"
"The quantum efficiency of a photon detector is 0.1. If 100 photons are sent into the detector, one after the other, the detector will detect photons",3,1,SALAH,"EXAMPLE 6.8 
Compton Scattering 
An incident 71-pm X-ray is incident on a calcite target. Find the wavelength of the X-ray scattered at a 
 angle. 
What is the largest shift that can be expected in this experiment? 
Strategy 
To find the wavelength of the scattered X-ray, first we must find the Compton shift for the given scattering angle, 
 We use Equation 6.30. Then we add this shift to the incident wavelength to obtain the scattered 
wavelength. The largest Compton shift occurs at the angle  when 
 has the largest value, which is for the 
angle 
Solution 
The shift at 
 is 
This gives the scattered wavelength: 
The largest shift is 
Significance 
The largest shift in wavelength is detected for the backscattered radiation; however, most of the photons from the 
incident beam pass through the target and only a small fraction of photons gets backscattered (typically, less than 
5%). Therefore, these measurements require highly sensitive detectors. 
CHECK YOUR UNDERSTANDING 6.8 
An incident 71-pm X-ray is incident on a calcite target. Find the wavelength of the X-ray scattered at a 
 angle. 
What is the smallest shift that can be expected in this experiment? 
6.4 Bohr’s Model of the Hydrogen Atom 
LEARNING OBJECTIVES 
By the end of this section, you will be able to: 
• Explain the difference between the absorption spectrum and the emission spectrum of radiation emitted 
by atoms 
• Describe the Rutherford gold foil experiment and the discovery of the atomic nucleus 
• Explain the atomic structure of hydrogen 
• Describe the postulates of the early quantum theory for the hydrogen atom 
• Summarize how Bohr’s quantum model of the hydrogen atom explains the radiation spectrum of atomic 
hydrogen 
Historically, Bohr’s model of the hydrogen atom is the very first model of atomic structure that correctly explained 
the radiation spectra of atomic hydrogen. The model has a special place in the history of physics because it 
introduced an early quantum theory, which brought about new developments in scientific thought and later 
culminated in the development of quantum mechanics. To understand the specifics of Bohr’s model, we must first 
review the nineteenth-century discoveries that prompted its formulation. 
When we use a prism to analyze white light coming from the sun, several dark lines in the solar spectrum are 
observed (Figure 6.13). Solar absorption lines are called Fraunhofer lines after Joseph von Fraunhofer, who 
accurately measured their wavelengths. During 1854–1861, Gustav Kirchhoff and Robert Bunsen discovered that 
250
6 • Photons and Matter Waves
Access for free at openstax.org

---

6.3 The Compton Effect 
LEARNING OBJECTIVES 
By the end of this section, you will be able to: 
• Describe Compton’s experiment 
• Explain the Compton wavelength shift 
• Describe how experiments with X-rays confirm the particle nature of radiation 
Two of Einstein’s influential ideas introduced in 1905 were the theory of special relativity and the concept of a light 
quantum, which we now call a photon. Beyond 1905, Einstein went further to suggest that freely propagating 
electromagnetic waves consisted of photons that are particles of light in the same sense that electrons or other 
massive particles are particles of matter. A beam of monochromatic light of wavelength  (or equivalently, of 
frequency f) can be seen either as a classical wave or as a collection of photons that travel in a vacuum with one 
speed, c (the speed of light), and all carrying the same energy, 
 This idea proved useful for explaining the 
interactions of light with particles of matter. 
Momentum of a Photon 
Unlike a particle of matter that is characterized by its rest mass 
 a photon is massless. In a vacuum, unlike a 
particle of matter that may vary its speed but cannot reach the speed of light, a photon travels at only one speed, 
which is exactly the speed of light. From the point of view of Newtonian classical mechanics, these two 
characteristics imply that a photon should not exist at all. For example, how can we find the linear momentum or 
kinetic energy of a body whose mass is zero? This apparent paradox vanishes if we describe a photon as a 
relativistic particle. According to the theory of special relativity, any particle in nature obeys the relativistic energy 
equation 
This relation can also be applied to a photon. In Equation 6.17, E is the total energy of a particle, p is its linear 
momentum, and 
 is its rest mass. For a photon, we simply set 
 in this equation. This leads to the 
expression for the momentum 
 of a photon 
Here the photon’s energy 
 is the same as that of a light quantum of frequency f, which we introduced to explain 
the photoelectric effect: 
The wave relation that connects frequency f with wavelength  and speed c also holds for photons: 
Therefore, a photon can be equivalently characterized by either its energy and wavelength, or its frequency and 
momentum. Equation 6.19 and Equation 6.20 can be combined into the explicit relation between a photon’s 
momentum and its wavelength: 
Notice that this equation gives us only the magnitude of the photon’s momentum and contains no information about 
the direction in which the photon is moving. To include the direction, it is customary to write the photon’s 
momentum as a vector: 
6.17 
6.18 
6.19 
6.20 
6.21 
246
6 • Photons and Matter Waves
Access for free at openstax.org"
A three-dimensional harmonic oscillator is in thermal equilibrium with a temperature reservoir at temperature T. The average total energy of the oscillator is,3,2,SALAH,"object with change in temperature 
thermal stress  stress caused by thermal expansion 
or contraction 
triple point  pressure and temperature at which a 
substance exists in equilibrium as a solid, liquid, 
and gas 
vapor  gas at a temperature below the critical 
temperature 
vapor pressure  pressure at which a gas coexists with 
its solid or liquid phase 
zeroth law of thermodynamics  law that states that if 
two objects are in thermal equilibrium, and a third 
object is in thermal equilibrium with one of those 
objects, it is also in thermal equilibrium with the 
other object 
Key Equations 
Linear thermal expansion 
Thermal expansion in two dimensions 
Thermal expansion in three dimensions 
Heat transfer 
Transfer of heat in a calorimeter 
Heat due to phase change (melting and freezing) 
Heat due to phase change (evaporation and condensation) 
Rate of conductive heat transfer 
Net rate of heat transfer by radiation 
Summary 
1.1 Temperature and Thermal Equilibrium 
• Temperature is operationally defined as the 
quantity measured by a thermometer. It is 
proportional to the average kinetic energy of 
atoms and molecules in a system. 
• Thermal equilibrium occurs when two bodies can 
freely exchange energy but no net energy is 
transferred between them. 
• The zeroth law of thermodynamics states that 
when two systems, A and B, are in thermal 
equilibrium with each other, and B is in thermal 
equilibrium with a third system C, then A is also 
in thermal equilibrium with C. 
1.2 Thermometers and Temperature Scales 
• Three types of thermometers are alcohol, liquid 
crystal, and infrared radiation (pyrometer). 
• The three main temperature scales are Celsius, 
Fahrenheit, and Kelvin. Temperatures can be 
converted from one scale to another using 
temperature conversion equations. 
• The three phases of water (ice, liquid water, and 
water vapor) can coexist at a single pressure and 
temperature known as the triple point. 
1.3 Thermal Expansion 
• Thermal expansion is the increase of the size 
(length, area, or volume) of a body due to a 
change in temperature, usually a rise. Thermal 
contraction is the decrease in size due to a 
change in temperature, usually a fall in 
temperature. 
• Thermal stress is created when thermal 
expansion or contraction is constrained. 
1.4 Heat Transfer, Specific Heat, and Calorimetry 
• Heat and work are the two distinct methods of 
energy transfer. 
• Heat transfer to an object when its temperature 
changes is often approximated well by 
 where m is the object’s mass and c 
is the specific heat of the substance. 
1.5 Phase Changes 
• Most substances have three distinct phases 
(under ordinary conditions on Earth), and they 
depend on temperature and pressure. 
• Two phases coexist (i.e., they are in thermal 
equilibrium) at a set of pressures and 
temperatures. 
• Phase changes occur at fixed temperatures for a 
given substance at a given pressure, and these 
temperatures are called boiling, freezing (or 
melting), and sublimation points. 
1.6 Mechanisms of Heat Transfer 
• Heat is transferred by three different methods: 
conduction, convection, and radiation. 
• Heat conduction is the transfer of heat between 
1 • Chapter Review     49

---

no matter what the working substance is. 
Carnot summarized his study of the Carnot engine and Carnot cycle into what is now known as Carnot’s principle: 
This principle can be viewed as another statement of the second law of thermodynamics and can be shown to be 
equivalent to the Kelvin statement and the Clausius statement. 
EXAMPLE 4.2 
The Carnot Engine 
A Carnot engine has an efficiency of 0.60 and the temperature of its cold reservoir is 300 K. (a) What is the 
temperature of the hot reservoir? (b) If the engine does 300 J of work per cycle, how much heat is removed from the 
high-temperature reservoir per cycle? (c) How much heat is exhausted to the low-temperature reservoir per cycle? 
Strategy 
From the temperature dependence of the thermal efficiency of the Carnot engine, we can find the temperature of 
the hot reservoir. Then, from the definition of the efficiency, we can find the heat removed when the work done by 
the engine is given. Finally, energy conservation will lead to how much heat must be dumped to the cold reservoir. 
Solution 
a. From 
 we have 
so that the temperature of the hot reservoir is 
b. By definition, the efficiency of the engine is 
, so that the heat removed from the high-temperature 
reservoir per cycle is 
c. From the first law, the heat exhausted to the low-temperature reservoir per cycle by the engine is 
Significance 
A Carnot engine has the maximum possible efficiency of converting heat into work between two reservoirs, but this 
does not necessarily mean it is 
 efficient. As the difference in temperatures of the hot and cold reservoir 
increases, the efficiency of a Carnot engine increases. 
EXAMPLE 4.3 
A Carnot Heat Pump 
Imagine a Carnot heat pump operates between an outside temperature of 
 and an inside temperature of 
. What is the work needed if the heat delivered to the inside of the house is 30.0 kJ? 
Strategy 
Because the heat pump is assumed to be a Carnot pump, its performance coefficient is given by 
CARNOT’S PRINCIPLE 
No engine working between two reservoirs at constant temperatures can have a greater efficiency than a 
reversible engine. 
4.5 • The Carnot Cycle
147"
"A student makes 10 one-second measurements of the disintegration of a sample of a long-lived radioactive isotope and obtains the following values: 3, 0, 2, 1, 2, 4, 0, 1, 2, 5. How long should the student count to establish the rate to an uncertainty of 1 percent?",3,2,SALAH,"course in 2 h, 30 min, and 12 s. There is an 
uncertainty of 25 m in the distance traveled and 
an uncertainty of 1 s in the elapsed time. (a) 
Calculate the percent uncertainty in the 
distance. (b) Calculate the percent uncertainty in 
the elapsed time. (c) What is the average speed 
in meters per second? (d) What is the 
uncertainty in the average speed? 
84 . The sides of a small rectangular box are 
measured to be 1.80 ± 0.1 cm, 2.05 ± 0.02 cm, 
and 3.1 ± 0.1 cm long. Calculate its volume and 
uncertainty in cubic centimeters. 
85 . When nonmetric units were used in the United 
Kingdom, a unit of mass called the pound-mass 
(lbm) was used, where 1 lbm = 0.4539 kg. (a) If 
there is an uncertainty of 0.0001 kg in the 
pound-mass unit, what is its percent 
uncertainty? (b) Based on that percent 
uncertainty, what mass in pound-mass has an 
uncertainty of 1 kg when converted to 
kilograms? 
86 . The length and width of a rectangular room are 
measured to be 3.955 ± 0.005 m and 3.050 ± 
0.005 m. Calculate the area of the room and its 
uncertainty in square meters. 
87 . A car engine moves a piston with a circular 
cross-section of 7.500 ± 0.002 cm in diameter a 
distance of 3.250 ± 0.001 cm to compress the 
gas in the cylinder. (a) By what amount is the gas 
decreased in volume in cubic centimeters? (b) 
Find the uncertainty in this volume. 
Challenge Problems 
88 . The first atomic bomb was detonated on July 16, 
1945, at the Trinity test site about 200 mi south 
of Los Alamos. In 1947, the U.S. government 
declassified a film reel of the explosion. From 
this film reel, British physicist G. I. Taylor was 
able to determine the rate at which the radius of 
the fireball from the blast grew. Using 
dimensional analysis, he was then able to 
deduce the amount of energy released in the 
explosion, which was a closely guarded secret at 
the time. Because of this, Taylor did not publish 
his results until 1950. This problem challenges 
you to recreate this famous calculation. (a) Using 
keen physical insight developed from years of 
experience, Taylor decided the radius r of the 
fireball should depend only on the following 
variables: 
t, the time since the explosion, 
 and the density of the air, 
E, the energy of the inital explosion. 
Thus, he made the educated guess that 
 for some dimensionless constant k 
and some unknown exponents a, b, and c. Given 
that [E] = ML2T–2, determine the values of the 
exponents necessary to make this equation 
dimensionally consistent. (Hint: Notice the 
equation implies that 
 and that 
) (b) By analyzing data from high-energy 
conventional explosives, Taylor found the 
formula he derived seemed to be valid as long as 
the constant k had the value 1.03. From the film 
reel, he was able to determine many values of r 
and the corresponding values of t. For example, 
he found that after 25.0 ms, the fireball had a 
radius of 130.0 m. Use these values, along with 
an average air density of 1.25 kg/m3, to 
calculate the initial energy release of the Trinity 
detonation in joules (J). (Hint: To get energy in 
joules, you need to make sure all the numbers 
you substitute in are expressed in terms of SI 
base units.) (c) The energy released in large 
explosions is often cited in units of “tons of TNT” 
(abbreviated “t TNT”), where 1 t TNT is about 
4.2 GJ. Convert your answer to (b) into kilotons 
of TNT (that is, kt TNT). Compare your answer 
with the quick-and-dirty estimate of 10 kt TNT 
made by physicist Enrico Fermi shortly after 
witnessing the explosion from what was thought 
to be a safe distance. (Reportedly, Fermi made 
his estimate by dropping some shredded bits of 
paper right before the remnants of the shock 
wave hit him and looked to see how far they 
were carried by it.) 
89 . The purpose of this problem is to show the 
entire concept of dimensional consistency can 
be summarized by the old saying “You can’t add 
apples and oranges.” If you have studied power 
series expansions in a calculus course, you know 
the standard mathematical functions such as 
trigonometric functions, logarithms, and 
exponential functions can be expressed as 
infinite sums of the form 
∞
where the 
 are dimensionless constants for all 
 and x is the argument of the 
1 • Chapter Review     39

---

within experimental uncertainty. 
Some factors that contribute to uncertainty in a measurement include the following: 
• Limitations of the measuring device 
• The skill of the person taking the measurement 
• Irregularities in the object being measured 
• Any other factors that affect the outcome (highly dependent on the situation) 
In our example, such factors contributing to the uncertainty could be the smallest division on the ruler is 1/16 in., 
the person using the ruler has bad eyesight, the ruler is worn down on one end, or one side of the paper is slightly 
longer than the other. At any rate, the uncertainty in a measurement must be calculated to quantify its precision. If a 
reference value is known, it makes sense to calculate the discrepancy as well to quantify its accuracy. 
Percent uncertainty 
Another method of expressing uncertainty is as a percent of the measured value. If a measurement A is expressed 
with uncertainty δA, the percent uncertainty is defined as 
EXAMPLE 1.7 
Calculating Percent Uncertainty: A Bag of Apples 
A grocery store sells 5-lb bags of apples. Let’s say we purchase four bags during the course of a month and weigh 
the bags each time. We obtain the following measurements: 
• Week 1 weight: 4.8 lb 
• Week 2 weight: 5.3 lb 
• Week 3 weight: 4.9 lb 
• Week 4 weight: 5.4 lb 
We then determine the average weight of the 5-lb bag of apples is 5.1 ± 0.3 lb from using half of the range. What is 
the percent uncertainty of the bag’s weight? 
Strategy 
First, observe that the average value of the bag’s weight, A, is 5.1 lb. The uncertainty in this value, 
 is 0.3 lb. We 
can use the following equation to determine the percent uncertainty of the weight: 
Solution 
Substitute the values into the equation: 
Significance 
We can conclude the average weight of a bag of apples from this store is 5.1 lb ± 6%. Notice the percent uncertainty 
is dimensionless because the units of weight in 
 lb canceled those in A = 5.1 lb when we took the ratio. 
CHECK YOUR UNDERSTANDING 1.8 
A high school track coach has just purchased a new stopwatch. The stopwatch manual states the stopwatch has an 
uncertainty of ±0.05 s. Runners on the track coach’s team regularly clock 100-m sprints of 11.49 s to 15.01 s. At the 
1.1 
28
1 • Units and Measurement
Access for free at openstax.org"
"By definition, the electric displacement current through a surface S is proportional to the",3,3,BENAR,"km in some direction, which is a vector quantity, is denoted by . 
Suppose you tell a friend on a camping trip that you have discovered a terrific fishing hole 6 km from your tent. It is 
unlikely your friend would be able to find the hole easily unless you also communicate the direction in which it can 
be found with respect to your campsite. You may say, for example, “Walk about 6 km northeast from my tent.” The 
key concept here is that you have to give not one but two pieces of information—namely, the distance or magnitude 
(6 km) and the direction (northeast). 
Displacement is a general term used to describe a change in position, such as during a trip from the tent to the 
fishing hole. Displacement is an example of a vector quantity. If you walk from the tent (location A) to the hole 
(location B), as shown in Figure 2.3, the vector 
, representing your displacement, is drawn as the arrow that 
originates at point A and ends at point B. The arrowhead marks the end of the vector. The direction of the 
displacement vector 
 is the direction of the arrow. The length of the arrow represents the magnitude D of vector 
. Here, D = 6 km. Since the magnitude of a vector is its length, which is a positive number, the magnitude is also 
indicated by placing the absolute value notation around the symbol that denotes the vector; so, we can write 
equivalently that 
. To solve a vector problem graphically, we need to draw the vector 
 to scale. For 
example, if we assume 1 unit of distance (1 km) is represented in the drawing by a line segment of length u = 2 cm, 
then the total displacement in this example is represented by a vector of length 
, as 
shown in Figure 2.4. Notice that here, to avoid confusion, we used 
 to denote the magnitude of the actual 
displacement and d = 12 cm to denote the length of its representation in the drawing. 
FIGURE 2.3 The displacement vector from point A (the initial position at the campsite) to point B (the final position at the fishing hole) is 
indicated by an arrow with origin at point A and end at point B. The displacement is the same for any of the actual paths (dashed curves) 
that may be taken between points A and B. 
FIGURE 2.4 A displacement 
 of magnitude 6 km is drawn to scale as a vector of length 12 cm when the length of 2 cm represents 1 unit of 
displacement (which in this case is 1 km). 
Suppose your friend walks from the campsite at A to the fishing pond at B and then walks back: from the fishing 
pond at B to the campsite at A. The magnitude of the displacement vector 
 from A to B is the same as the 
magnitude of the displacement vector 
 from B to A (it equals 6 km in both cases), so we can write 
2.1 • Scalars and Vectors
43

---

Chapter Review 
Key Terms 
area vector  vector with magnitude equal to the area 
of a surface and direction perpendicular to the 
surface 
cylindrical symmetry  system only varies with 
distance from the axis, not direction 
electric flux  dot product of the electric field and the 
area through which it is passing 
flux  quantity of something passing through a given 
area 
free electrons  also called conduction electrons, 
these are the electrons in a conductor that are not 
bound to any particular atom, and hence are free to 
move around 
Gaussian surface  any enclosed (usually imaginary) 
surface 
planar symmetry  system only varies with distance 
from a plane 
spherical symmetry  system only varies with the 
distance from the origin, not in direction 
Key Equations 
Definition of electric flux, for uniform electric field 
Electric flux through an open surface 
Electric flux through a closed surface 
Gauss’s law 
Gauss’s Law for systems with symmetry 
The magnitude of the electric field just outside the surface of 
a conductor 
Summary 
6.1 Electric Flux 
• The electric flux through a surface is proportional 
to the number of field lines crossing that surface. 
Note that this means the magnitude is 
proportional to the portion of the field 
perpendicular to the area. 
• The electric flux is obtained by evaluating the 
surface integral 
where the notation used here is for a closed 
surface S. 
6.2 Explaining Gauss’s Law 
• Gauss’s law relates the electric flux through a 
closed surface to the net charge within that 
surface, 
where 
 is the total charge inside the 
Gaussian surface S. 
• All surfaces that include the same amount of 
charge have the same number of field lines 
crossing it, regardless of the shape or size of the 
surface, as long as the surfaces enclose the same 
amount of charge. 
6.3 Applying Gauss’s Law 
• For a charge distribution with certain spatial 
symmetries (spherical, cylindrical, and planar), 
we can find a Gaussian surface over which 
, where E is constant over the surface. 
The electric field is then determined with Gauss’s 
law. 
• For spherical symmetry, the Gaussian surface is 
also a sphere, and Gauss’s law simplifies to 
. 
• For cylindrical symmetry, we use a cylindrical 
Gaussian surface, and find that Gauss’s law 
simplifies to 
. 
• For planar symmetry, a convenient Gaussian 
surface is a box penetrating the plane, with two 
faces parallel to the plane and the remainder 
perpendicular, resulting in Gauss’s law being 
6 • Chapter Review     255"
"The negative muon, mu^-, has properties most similar to which of the following?",0,1,SALAH,"Half-Life of a Muon 
There is considerable experimental evidence that the equation 
 is correct. One example is found in cosmic 
ray particles that continuously rain down on Earth from deep space. Some collisions of these particles with nuclei in 
the upper atmosphere result in short-lived particles called muons. The half-life (amount of time for half of a material 
to decay) of a muon is 1.52 μs when it is at rest relative to the observer who measures the half-life. This is the 
proper time interval 
 This short time allows very few muons to reach Earth’s surface and be detected if 
Newtonian assumptions about time and space were correct. However, muons produced by cosmic ray particles have 
a range of velocities, with some moving near the speed of light. It has been found that the muon’s half-life as 
measured by an earthbound observer (
) varies with velocity exactly as predicted by the equation 
 The 
faster the muon moves, the longer it lives. We on Earth see the muon last much longer than its half-life predicts 
within its own rest frame. As viewed from our frame, the muon decays more slowly than it does when at rest relative 
to us. A far larger fraction of muons reach the ground as a result. 
Before we present the first example of solving a problem in relativity, we state a strategy you can use as a guideline 
for these calculations. 
PROBLEM-SOLVING STRATEGY 
Relativity 
1. Make a list of what is given or can be inferred from the problem as stated (identify the knowns). Look in 
particular for information on relative velocity v. 
2. Identify exactly what needs to be determined in the problem (identify the unknowns). 
3. Make certain you understand the conceptual aspects of the problem before making any calculations (express 
the answer as an equation). Decide, for example, which observer sees time dilated or length contracted before 
working with the equations or using them to carry out the calculation. If you have thought about who sees 
what, who is moving with the event being observed, who sees proper time, and so on, you will find it much 
easier to determine if your calculation is reasonable. 
4. Determine the primary type of calculation to be done to find the unknowns identified above (do the 
calculation). You will find the section summary helpful in determining whether a length contraction, relativistic 
kinetic energy, or some other concept is involved. 
Note that you should not round off during the calculation. As noted in the text, you must often perform your 
calculations to many digits to see the desired effect. You may round off at the very end of the problem solution, but 
do not use a rounded number in a subsequent calculation. Also, check the answer to see if it is reasonable: Does it 
make sense? This may be more difficult for relativity, which has few everyday examples to provide experience with 
what is reasonable. But you can look for velocities greater than c or relativistic effects that are in the wrong direction 
(such as a time contraction where a dilation was expected). 
EXAMPLE 5.1 
Time Dilation in a High-Speed Vehicle 
The Hypersonic Technology Vehicle 2 (HTV-2) is an experimental rocket vehicle capable of traveling at 21,000 km/h 
(5830 m/s). If an electronic clock in the HTV-2 measures a time interval of exactly 1-s duration, what would 
observers on Earth measure the time interval to be? 
Strategy 
Apply the time dilation formula to relate the proper time interval of the signal in HTV-2 to the time interval measured 
on the ground. 
Solution 
a. Identify the knowns: 
b. Identify the unknown: 
182
5 • Relativity
Access for free at openstax.org

---

volume charge density  amount of charge in an 
element of a three-dimensional charge distribution; 
its units are 
Key Equations 
Coulomb’s law 
Superposition of electric forces 
Electric force due to an electric field 
Electric field at point P 
Field of an infinite wire 
Field of an infinite plane 
Dipole moment 
Torque on dipole in external E-field 
Summary 
5.1 Electric Charge 
• There are only two types of charge, which we call 
positive and negative. Like charges repel, unlike 
charges attract, and the force between charges 
decreases with the square of the distance. 
• The vast majority of positive charge in nature is 
carried by protons, whereas the vast majority of 
negative charge is carried by electrons. The 
electric charge of one electron is equal in 
magnitude and opposite in sign to the charge of 
one proton. 
• An ion is an atom or molecule that has nonzero 
total charge due to having unequal numbers of 
electrons and protons. 
• The SI unit for charge is the coulomb (C), with 
protons and electrons having charges of opposite 
sign but equal magnitude; the magnitude of this 
basic charge is 
• Both positive and negative charges exist in 
neutral objects and can be separated by bringing 
the two objects into physical contact; rubbing the 
objects together can remove electrons from the 
bonds in one object and place them on the other 
object, increasing the charge separation. 
• For macroscopic objects, negatively charged 
means an excess of electrons and positively 
charged means a depletion of electrons. 
• The law of conservation of charge states that the 
net charge of a closed system is constant. 
5.2 Conductors, Insulators, and Charging by 
Induction 
• A conductor is a substance that allows charge to 
flow freely through its atomic structure. 
• An insulator holds charge fixed in place. 
• Polarization is the separation of positive and 
negative charges in a neutral object. Polarized 
objects have their positive and negative charges 
concentrated in different areas, giving them a 
charge distribution. 
5.3 Coulomb's Law 
• Coulomb’s law gives the magnitude of the force 
vector between point charges. It is 
where 
 and 
 are two point charges separated 
by a distance r. This Coulomb force is extremely 
basic, since most charges are due to point-like 
particles. It is responsible for all electrostatic 
effects and underlies most macroscopic forces. 
5.4 Electric Field 
• The electric field is an alteration of space caused 
by the presence of an electric charge. The 
electric field mediates the electric force between 
a source charge and a test charge. 
• The electric field, like the electric force, obeys 
the superposition principle 
• The field is a vector; by definition, it points away 
from positive charges and toward negative 
206     5 • Chapter Review
Access for free at openstax.org"
The speed of light inside of a nonmagnetic dielectric material with a dielectric constant of 4.0 is,2,1,SALAH,"EXAMPLE 1.1 
Speed of Light in Jewelry 
Calculate the speed of light in zircon, a material used in jewelry to imitate diamond. 
Strategy 
We can calculate the speed of light in a material v from the index of refraction n of the material, using the equation 
Solution 
Rearranging the equation 
 for v gives us 
The index of refraction for zircon is given as 1.923 in Table 1.1, and c is given in Equation 1.1. Entering these values 
in the equation gives 
Significance 
This speed is slightly larger than half the speed of light in a vacuum and is still high compared with speeds we 
normally experience. The only substance listed in Table 1.1 that has a greater index of refraction than zircon is 
diamond. We shall see later that the large index of refraction for zircon makes it sparkle more than glass, but less 
than diamond. 
CHECK YOUR UNDERSTANDING 1.1 
Table 1.1 shows that ethanol and fresh water have very similar indices of refraction. By what percentage do the 
speeds of light in these liquids differ? 
The Ray Model of Light 
You have already studied some of the wave characteristics of light in the previous chapter on Electromagnetic 
Waves (http://openstax.org/books/university-physics-volume-2/pages/16-introduction). In this chapter, we start 
mainly with the ray characteristics. There are three ways in which light can travel from a source to another location 
(Figure 1.4). It can come directly from the source through empty space, such as from the Sun to Earth. Or light can 
travel through various media, such as air and glass, to the observer. Light can also arrive after being reflected, such 
as by a mirror. In all of these cases, we can model the path of light as a straight line called a ray. 
FIGURE 1.4 Three methods for light to travel from a source to another location. (a) Light reaches the upper atmosphere of Earth, traveling 
through empty space directly from the source. (b) Light can reach a person by traveling through media like air and glass. (c) Light can also 
1.1 • The Propagation of Light
9

---

1.923 
TABLE 1.1 Index of Refraction in Various 
Media For light with a wavelength of 589 
nm in a vacuum 
8
1 • The Nature of Light
Access for free at openstax.org


EXAMPLE 1.1 
Speed of Light in Jewelry 
Calculate the speed of light in zircon, a material used in jewelry to imitate diamond. 
Strategy 
We can calculate the speed of light in a material v from the index of refraction n of the material, using the equation 
Solution 
Rearranging the equation 
 for v gives us 
The index of refraction for zircon is given as 1.923 in Table 1.1, and c is given in Equation 1.1. Entering these values 
in the equation gives 
Significance 
This speed is slightly larger than half the speed of light in a vacuum and is still high compared with speeds we 
normally experience. The only substance listed in Table 1.1 that has a greater index of refraction than zircon is 
diamond. We shall see later that the large index of refraction for zircon makes it sparkle more than glass, but less 
than diamond. 
CHECK YOUR UNDERSTANDING 1.1 
Table 1.1 shows that ethanol and fresh water have very similar indices of refraction. By what percentage do the 
speeds of light in these liquids differ? 
The Ray Model of Light 
You have already studied some of the wave characteristics of light in the previous chapter on Electromagnetic 
Waves (http://openstax.org/books/university-physics-volume-2/pages/16-introduction). In this chapter, we start 
mainly with the ray characteristics. There are three ways in which light can travel from a source to another location 
(Figure 1.4). It can come directly from the source through empty space, such as from the Sun to Earth. Or light can 
travel through various media, such as air and glass, to the observer. Light can also arrive after being reflected, such 
as by a mirror. In all of these cases, we can model the path of light as a straight line called a ray. 
FIGURE 1.4 Three methods for light to travel from a source to another location. (a) Light reaches the upper atmosphere of Earth, traveling 
through empty space directly from the source. (b) Light can reach a person by traveling through media like air and glass. (c) Light can also 
1.1 • The Propagation of Light
9


reflect from an object like a mirror. In the situations shown here, light interacts with objects large enough that it travels in straight lines, like 
a ray. 
Experiments show that when light interacts with an object several times larger than its wavelength, it travels in 
straight lines and acts like a ray. Its wave characteristics are not pronounced in such situations. Since the 
wavelength of visible light is less than a micron (a thousandth of a millimeter), it acts like a ray in the many common 
situations in which it encounters objects larger than a micron. For example, when visible light encounters anything 
large enough that we can observe it with unaided eyes, such as a coin, it acts like a ray, with generally negligible 
wave characteristics. 
In all of these cases, we can model the path of light as straight lines. Light may change direction when it encounters 
objects (such as a mirror) or in passing from one material to another (such as in passing from air to glass), but it then 
continues in a straight line or as a ray. The word “ray” comes from mathematics and here means a straight line that 
originates at some point. It is acceptable to visualize light rays as laser rays. The ray model of light describes the 
path of light as straight lines. 
Since light moves in straight lines, changing directions when it interacts with materials, its path is described by 
geometry and simple trigonometry. This part of optics, where the ray aspect of light dominates, is therefore called 
geometric optics. Two laws govern how light changes direction when it interacts with matter. These are the law of 
reflection, for situations in which light bounces off matter, and the law of refraction, for situations in which light 
passes through matter. We will examine more about each of these laws in upcoming sections of this chapter. 
1.2 The Law of Reflection 
LEARNING OBJECTIVES 
By the end of this section, you will be able to: 
• Explain the reflection of light from polished and rough surfaces 
• Describe the principle and applications of corner reflectors 
Whenever we look into a mirror, or squint at sunlight glinting from a lake, we are seeing a reflection. When you look 
at a piece of white paper, you are seeing light scattered from it. Large telescopes use reflection to form an image of 
stars and other astronomical objects. 
The law of reflection states that the angle of reflection equals the angle of incidence, or 
The law of reflection is illustrated in Figure 1.5, which also shows how the angle of incidence and angle of reflection 
are measured relative to the perpendicular to the surface at the point where the light ray strikes. 
FIGURE 1.5 The law of reflection states that the angle of reflection equals the angle of incidence—
 The angles are measured 
relative to the perpendicular to the surface at the point where the ray strikes the surface. 
We expect to see reflections from smooth surfaces, but Figure 1.6 illustrates how a rough surface reflects light. 
Since the light strikes different parts of the surface at different angles, it is reflected in many different directions, or 
diffused. Diffused light is what allows us to see a sheet of paper from any angle, as shown in Figure 1.7(a). People, 
clothing, leaves, and walls all have rough surfaces and can be seen from all sides. A mirror, on the other hand, has a 
1.3 
10
1 • The Nature of Light
Access for free at openstax.org


smooth surface (compared with the wavelength of light) and reflects light at specific angles, as illustrated in Figure 
1.7(b). When the Moon reflects from a lake, as shown in Figure 1.7(c), a combination of these effects takes place. 
FIGURE 1.6 Light is diffused when it reflects from a rough surface. Here, many parallel rays are incident, but they are reflected at many 
different angles, because the surface is rough. 
FIGURE 1.7 (a) When a sheet of paper is illuminated with many parallel incident rays, it can be seen at many different angles, because its 
surface is rough and diffuses the light. (b) A mirror illuminated by many parallel rays reflects them in only one direction, because its surface 
is very smooth. Only the observer at a particular angle sees the reflected light. (c) Moonlight is spread out when it is reflected by the lake, 
because the surface is shiny but uneven. (credit c: modification of work by Diego Torres Silvestre) 
When you see yourself in a mirror, it appears that the image is actually behind the mirror (Figure 1.8). We see the 
light coming from a direction determined by the law of reflection. The angles are such that the image is exactly the 
same distance behind the mirror as you stand in front of the mirror. If the mirror is on the wall of a room, the images 
in it are all behind the mirror, which can make the room seem bigger. Although these mirror images make objects 
appear to be where they cannot be (like behind a solid wall), the images are not figments of your imagination. Mirror 
images can be photographed and videotaped by instruments and look just as they do with our eyes (which are 
optical instruments themselves). The precise manner in which images are formed by mirrors and lenses is discussed 
in an upcoming chapter on Geometric Optics and Image Formation. 
1.2 • The Law of Reflection
11


FIGURE 1.8 (a) Your image in a mirror is behind the mirror. The two rays shown are those that strike the mirror at just the correct angles to 
be reflected into the eyes of the person. The image appears to be behind the mirror at the same distance away as (b) if you were looking at 
your twin directly, with no mirror. 
Corner Reflectors (Retroreflectors) 
A light ray that strikes an object consisting of two mutually perpendicular reflecting surfaces is reflected back 
exactly parallel to the direction from which it came (Figure 1.9). This is true whenever the reflecting surfaces are 
perpendicular, and it is independent of the angle of incidence. (For proof, see [link] at the end of this section.) Such 
an object is called a corner reflector, since the light bounces from its inside corner. Corner reflectors are a subclass 
of retroreflectors, which all reflect rays back in the directions from which they came. Although the geometry of the 
proof is much more complex, corner reflectors can also be built with three mutually perpendicular reflecting 
surfaces and are useful in three-dimensional applications. 
FIGURE 1.9 A light ray that strikes two mutually perpendicular reflecting surfaces is reflected back exactly parallel to the direction from 
which it came. 
Many inexpensive reflector buttons on bicycles, cars, and warning signs have corner reflectors designed to return 
light in the direction from which it originated. Rather than simply reflecting light over a wide angle, retroreflection 
ensures high visibility if the observer and the light source are located together, such as a car’s driver and headlights. 
The Apollo astronauts placed a true corner reflector on the Moon (Figure 1.10). Laser signals from Earth can be 
bounced from that corner reflector to measure the gradually increasing distance to the Moon of a few centimeters 
per year. 
12
1 • The Nature of Light
Access for free at openstax.org


FIGURE 1.10 (a) Astronauts placed a corner reflector on the Moon to measure its gradually increasing orbital distance. (b) The bright spots 
on these bicycle safety reflectors are reflections of the flash of the camera that took this picture on a dark night. (credit a: modification of 
work by NASA; credit b: modification of work by “Julo”/Wikimedia Commons) 
Working on the same principle as these optical reflectors, corner reflectors are routinely used as radar reflectors 
(Figure 1.11) for radio-frequency applications. Under most circumstances, small boats made of fiberglass or wood 
do not strongly reflect radio waves emitted by radar systems. To make these boats visible to radar (to avoid 
collisions, for example), radar reflectors are attached to boats, usually in high places. 
FIGURE 1.11 A radar reflector hoisted on a sailboat is a type of corner reflector. (credit: Tim Sheerman-Chase) 
As a counterexample, if you are interested in building a stealth airplane, radar reflections should be minimized to 
evade detection. One of the design considerations would then be to avoid building 
 corners into the airframe."
"The energy from electromagnetic waves in equilibrium in a cavity is used to melt ice. If the Kelvin temperature of the cavity is increased by a factor of two, the mass of ice that can be melted in a fixed amount of time is increased by a factor of",3,2,SALAH,"FIGURE 1.17 The ice on these trees released large amounts of energy when it froze, helping to prevent the temperature of the trees from 
dropping below 
. Water is intentionally sprayed on orchards to help prevent hard frosts. (credit: Hermann Hammer) 
The energy involved in a phase change depends on the number of bonds or force pairs and their strength. The 
number of bonds is proportional to the number of molecules and thus to the mass of the sample. The energy per 
unit mass required to change a substance from the solid phase to the liquid phase, or released when the substance 
changes from liquid to solid, is known as the heat of fusion. The energy per unit mass required to change a 
substance from the liquid phase to the vapor phase is known as the heat of vaporization. The strength of the forces 
depends on the type of molecules. The heat Q absorbed or released in a phase change in a sample of mass m is 
given by 
where the latent heat of fusion 
 and latent heat of vaporization 
 are material constants that are determined 
experimentally. (Latent heats are also called latent heat coefficients and heats of transformation.) These constants 
are “latent,” or hidden, because in phase changes, energy enters or leaves a system without causing a temperature 
change in the system, so in effect, the energy is hidden. 
FIGURE 1.18 (a) Energy is required to partially overcome the attractive forces (modeled as springs) between molecules in a solid to form a 
liquid. That same energy must be removed from the liquid for freezing to take place. (b) Molecules become separated by large distances 
when going from liquid to vapor, requiring significant energy to completely overcome molecular attraction. The same energy must be 
removed from the vapor for condensation to take place. 
Table 1.4 lists representative values of 
 and 
 in kJ/kg, together with melting and boiling points. Note that in 
general, 
. The table shows that the amounts of energy involved in phase changes can easily be comparable 
to or greater than those involved in temperature changes, as Figure 1.15 and the accompanying discussion also 
showed. 
1.7 
1.8 
28
1 • Temperature and Heat
Access for free at openstax.org

---

Significance 
Note that we do not specify what kind of material was used to build the cavity. Here, a quantum oscillator is a 
theoretical model of an atom or molecule of material in the wall. 
CHECK YOUR UNDERSTANDING 6.4 
A molecule is vibrating at a frequency of 
 What is the smallest spacing between its vibrational energy 
levels? 
EXAMPLE 6.4 
Quantum Theory Applied to a Classical Oscillator 
A 1.0-kg mass oscillates at the end of a spring with a spring constant of 1000 N/m. The amplitude of these 
oscillations is 0.10 m. Use the concept of quantization to find the energy spacing for this classical oscillator. Is the 
energy quantization significant for macroscopic systems, such as this oscillator? 
Strategy 
We use [link] as though the system were a quantum oscillator, but with the frequency f of the mass vibrating on a 
spring. To evaluate whether or not quantization has a significant effect, we compare the quantum energy spacing 
with the macroscopic total energy of this classical oscillator. 
Solution 
For the spring constant, 
 the frequency f of the mass, 
 is 
The energy quantum that corresponds to this frequency is 
When vibrations have amplitude 
 the energy of oscillations is 
Significance 
Thus, for a classical oscillator, we have 
 We see that the separation of the energy levels is 
immeasurably small. Therefore, for all practical purposes, the energy of a classical oscillator takes on continuous 
values. This is why classical principles may be applied to macroscopic systems encountered in everyday life without 
loss of accuracy. 
CHECK YOUR UNDERSTANDING 6.5 
Would the result in Example 6.4 be different if the mass were not 1.0 kg but a tiny mass of 1.0 µg, and the amplitude 
of vibrations were 0.10 µm? 
When Planck first published his result, the hypothesis of energy quanta was not taken seriously by the physics 
community because it did not follow from any established physics theory at that time. It was perceived, even by 
Planck himself, as a useful mathematical trick that led to a good theoretical “fit” to the experimental curve. This 
perception was changed in 1905 when Einstein published his explanation of the photoelectric effect, in which he 
gave Planck’s energy quantum a new meaning: that of a particle of light. 
6.1 • Blackbody Radiation
239"
"A resistor in a circuit dissipates energy at a rate of 1 W. If the voltage across the resistor is doubled, what will be the new rate of energy dissipation?",3,3,BENAR,"CHAPTER 9 
Current and Resistance 
361 
Introduction 
361 
9.1 Electrical Current 
362 
9.2 Model of Conduction in Metals 
366 
9.3 Resistivity and Resistance 
371 
9.4 Ohm's Law 
380 
9.5 Electrical Energy and Power 
384

---

1.22 shows a slab of material with a higher temperature on the left than on the right. Heat transfers from the left to 
the right by a series of molecular collisions. The greater the distance between hot and cold, the more time the 
material takes to transfer the same amount of heat. 
FIGURE 1.22 Heat conduction occurs through any material, represented here by a rectangular bar, whether window glass or walrus 
blubber. 
All four of these quantities appear in a simple equation deduced from and confirmed by experiments. The rate of 
conductive heat transfer through a slab of material, such as the one in Figure 1.22, is given by 
where P is the power or rate of heat transfer in watts or in kilocalories per second, A and d are its surface area and 
thickness, as shown in Figure 1.22, 
 is the temperature difference across the slab, and k is the thermal 
conductivity of the material. Table 1.5 gives representative values of thermal conductivity. 
More generally, we can write 
where x is the coordinate in the direction of heat flow. Since in Figure 1.22, the power and area are constant, dT/dx 
is constant, and the temperature decreases linearly from 
 to 
Substance 
Thermal Conductivity k 
Diamond 
2000 
Silver 
420 
Copper 
390 
Gold 
318 
Aluminum 
220 
Steel iron 
80 
Steel (stainless) 
14 
Ice 
2.2 
TABLE 1.5 Thermal Conductivities of Common Substances Values are given for 
temperatures near 
. 
1.9 
34
1 • Temperature and Heat
Access for free at openstax.org"
"A gas cell with an optical path length of 10 cm is placed in one arm of a Michelson interferometer. If the light source for the interferometer is a laser with wavelength 632.2 nm, then 100 fringes are counted as the gas cell is evacuated. What is the index of refraction of the original gas?",1,1,BENAR,"EXAMPLE 3.5 
Precise Distance Measurements by Michelson Interferometer 
A red laser light of wavelength 630 nm is used in a Michelson interferometer. While keeping the mirror 
 fixed, 
mirror 
 is moved. The fringes are found to move past a fixed cross-hair in the viewer. Find the distance the mirror 
 is moved for a single fringe to move past the reference line. 
Strategy 
Refer to Figure 3.16 for the geometry. We use the result of the Michelson interferometer interference condition to 
find the distance moved, 
. 
Solution 
For a 630-nm red laser light, and for each fringe crossing 
, the distance traveled by 
 if you keep 
 fixed 
is 
Significance 
An important application of this measurement is the definition of the standard meter. As mentioned in Units and 
Measurement (http://openstax.org/books/university-physics-volume-1/pages/1-introduction), the length of the 
standard meter was once defined as the mirror displacement in a Michelson interferometer corresponding to 
1,650,763.73 wavelengths of the particular fringe of krypton-86 in a gas discharge tube. 
EXAMPLE 3.6 
Measuring the Refractive Index of a Gas 
In one arm of a Michelson interferometer, a glass chamber is placed with attachments for evacuating the inside and 
putting gases in it. The space inside the container is 2 cm wide. Initially, the container is empty. As gas is slowly let 
into the chamber, you observe that dark fringes move past a reference line in the field of observation. By the time 
the chamber is filled to the desired pressure, you have counted 122 fringes move past the reference line. The 
wavelength of the light used is 632.8 nm. What is the refractive index of this gas? 
Strategy 
The 
 fringes observed compose the difference between the number of wavelengths that fit within the 
empty chamber (vacuum) and the number of wavelengths that fit within the same chamber when it is gas-filled. The 
wavelength in the filled chamber is shorter by a factor of n, the index of refraction. 
3.5 • The Michelson Interferometer
125

---

Solution 
The ray travels a distance 
 to the right through the glass chamber and another distance t to the left upon 
reflection. The total travel is 
. When empty, the number of wavelengths that fit in this chamber is 
where 
 is the wavelength in vacuum of the light used. In any other medium, the wavelength is 
 and the number of wavelengths that fit in the gas-filled chamber is 
The number of fringes observed in the transition is 
Solving for 
 gives 
and 
. 
Significance 
The indices of refraction for gases are so close to that of vacuum, that we normally consider them equal to 1. The 
difference between 1 and 1.0019 is so small that measuring it requires a correspondingly sensitive technique such 
as interferometry. We cannot, for example, hope to measure this value using techniques based simply on Snell’s law. 
CHECK YOUR UNDERSTANDING 3.3 
Although m, the number of fringes observed, is an integer, which is often regarded as having zero uncertainty, in 
practical terms, it is all too easy to lose track when counting fringes. In Example 3.6, if you estimate that you might 
have missed as many as five fringes when you reported 
 fringes, (a) is the value for the index of refraction 
worked out in Example 3.6 too large or too small? (b) By how much? 
PROBLEM-SOLVING STRATEGY 
Wave Optics 
Step 1. Examine the situation to determine that interference is involved. Identify whether slits, thin films, or 
interferometers are considered in the problem. 
Step 2. If slits are involved, note that diffraction gratings and double slits produce very similar interference patterns, 
but that gratings have narrower (sharper) maxima. Single-slit patterns are characterized by a large central maximum 
and smaller maxima to the sides. 
Step 3. If thin-film interference or an interferometer is involved, take note of the path length difference between the 
two rays that interfere. Be certain to use the wavelength in the medium involved, since it differs from the wavelength 
in vacuum. Note also that there is an additional 
 phase shift when light reflects from a medium with a greater 
index of refraction. 
Step 4. Identify exactly what needs to be determined in the problem (identify the unknowns). A written list is useful. 
126
3 • Interference
Access for free at openstax.org"
"Under certain conditions, a beam of electrons impinging on a crystal surface will diffract and a scattering pattern of the beam can be obtained. What is the approximate kinetic energy of the electrons needed in order to see the pattern? (Assume the lattice spacing of the crystal to be 0.4 nm.)",2,2,BENAR,"waves. 
FIGURE 6.20 The experimental results of electron diffraction on a nickel target for the accelerating potential in the electron gun of about 
 The intensity maximum is registered at the scattering angle of about 
FIGURE 6.21 In the surface diffraction of a monochromatic electromagnetic wave on a crystalline lattice structure, the in-phase incident 
beams are reflected from atoms on the surface. A ray reflected from the left atom travels an additional distance 
 to the detector, 
where a is the lattice spacing. The reflected beams remain in-phase when D is an integer multiple of their wavelength 
 The intensity of the 
reflected waves has pronounced maxima for angles  satisfying 
Diffraction lines measured with low-energy electrons, such as those used in the Davisson–Germer experiment, are 
quite broad (see Figure 6.20) because the incident electrons are scattered only from the surface. The resolution of 
diffraction images greatly improves when a higher-energy electron beam passes through a thin metal foil. This 
occurs because the diffraction image is created by scattering off many crystalline planes inside the volume, and the 
maxima produced in scattering at Bragg angles are sharp (see Figure 6.22). 
264
6 • Photons and Matter Waves
Access for free at openstax.org

---

element (usually made of tungsten) in the electron gun and accelerated through a potential difference 
becoming a well-collimated beam of electrons produced by an electron gun. The kinetic energy K of the electrons is 
adjusted by selecting a value of the potential difference in the electron gun. This produces a beam of electrons with 
a set value of linear momentum, in accordance with the conservation of energy: 
The electron beam is incident on the nickel sample in the direction normal to its surface. At the surface, it scatters in 
various directions. The intensity of the beam scattered in a selected direction  is measured by a highly sensitive 
detector. The detector’s angular position with respect to the direction of the incident beam can be varied from 
 to 
 The entire setup is enclosed in a vacuum chamber to prevent electron collisions with air 
molecules, as such thermal collisions would change the electrons’ kinetic energy and are not desirable. 
FIGURE 6.19 Schematics of the experimental setup of the Davisson–Germer diffraction experiment. A well-collimated beam of electrons is 
scattered off the nickel target. The kinetic energy of electrons in the incident beam is selected by adjusting a variable potential, 
 in the 
electron gun. Intensity of the scattered electron beam is measured for a range of scattering angles 
 whereas the distance between the 
detector and the target does not change. 
When the nickel target has a polycrystalline form with many randomly oriented microscopic crystals, the incident 
electrons scatter off its surface in various random directions. As a result, the intensity of the scattered electron 
beam is much the same in any direction, resembling a diffuse reflection of light from a porous surface. However, 
when the nickel target has a regular crystalline structure, the intensity of the scattered electron beam shows a clear 
maximum at a specific angle and the results show a clear diffraction pattern (see Figure 6.20). Similar diffraction 
patterns formed by X-rays scattered by various crystalline solids were studied in 1912 by father-and-son physicists 
William H. Bragg and William L. Bragg. The Bragg law in X-ray crystallography provides a connection between the 
wavelength  of the radiation incident on a crystalline lattice, the lattice spacing, and the position of the interference 
maximum in the diffracted radiation (see Diffraction). 
The lattice spacing of the Davisson–Germer target, determined with X-ray crystallography, was measured to be 
 Unlike X-ray crystallography in which X-rays penetrate the sample, in the original Davisson–Germer 
experiment, only the surface atoms interact with the incident electron beam. For the surface diffraction, the 
maximum intensity of the reflected electron beam is observed for scattering angles that satisfy the condition 
 (see Figure 6.21). The first-order maximum (for 
) is measured at a scattering angle of 
 at 
 which gives the wavelength of the incident radiation as 
 On the other 
hand, a 54-V potential accelerates the incident electrons to kinetic energies of 
 Their momentum, 
calculated from Equation 6.61, is 
 When we substitute this result in Equation 6.58, the 
de Broglie wavelength is obtained as 
The same result is obtained when we use 
 in Equation 6.61. The proximity of this theoretical result to the 
Davisson–Germer experimental value of 
 is a convincing argument for the existence of de Broglie matter 
6.61 
6.62 
6.5 • De Broglie’s Matter Waves
263"
"A uniform solid disk starts from rest and rolls down an inclined plane without slipping. After some time, what fraction of the disk’s total kinetic energy is rotational kinetic energy?",1,2,SALAH,"matches the applied force, until we reach the maximum value of static friction. Also, no motion can occur until the 
applied force equals the force of static friction, but the force of kinetic friction will then become smaller. 
CHECK YOUR UNDERSTANDING 6.7 
A block of mass 1.0 kg rests on a horizontal surface. The frictional coefficients for the block and surface are 
 and 
 (a) What is the minimum horizontal force required to move the block? (b) What is the 
block’s acceleration when this force is applied? 
Friction and the Inclined Plane 
One situation where friction plays an obvious role is that of an object on a slope. It might be a crate being pushed up 
a ramp to a loading dock or a skateboarder coasting down a mountain, but the basic physics is the same. We usually 
generalize the sloping surface and call it an inclined plane but then pretend that the surface is flat. Let’s look at an 
example of analyzing motion on an inclined plane with friction. 
EXAMPLE 6.11 
Downhill Skier 
A skier with a mass of 62 kg is sliding down a snowy slope at a constant acceleration. Find the coefficient of kinetic 
friction for the skier if friction is known to be 45.0 N. 
Strategy 
The magnitude of kinetic friction is given as 45.0 N. Kinetic friction is related to the normal force 
 by 
; 
thus, we can find the coefficient of kinetic friction if we can find the normal force on the skier. The normal force is 
always perpendicular to the surface, and since there is no motion perpendicular to the surface, the normal force 
should equal the component of the skier’s weight perpendicular to the slope. (See Figure 6.14, which repeats a 
figure from the chapter on Newton’s laws of motion.) 
FIGURE 6.14 The motion of the skier and friction are parallel to the slope, so it is most convenient to project all forces onto a coordinate 
system where one axis is parallel to the slope and the other is perpendicular (axes shown to left of skier). The normal force 
 is 
perpendicular to the slope, and friction  is parallel to the slope, but the skier’s weight 
 has components along both axes, namely 
 and 
 The normal force 
 is equal in magnitude to 
 so there is no motion perpendicular to the slope. 
We have 
270
6 • Applications of Newton's Laws
Access for free at openstax.org

---

Substituting this into our expression for kinetic friction, we obtain 
which can now be solved for the coefficient of kinetic friction 
Solution 
Solving for 
 gives 
Substituting known values on the right-hand side of the equation, 
Significance 
This result is a little smaller than the coefficient listed in Table 6.1 for waxed wood on snow, but it is still reasonable 
since values of the coefficients of friction can vary greatly. In situations like this, where an object of mass m slides 
down a slope that makes an angle  with the horizontal, friction is given by 
 All objects slide down 
a slope with constant acceleration under these circumstances. 
We have discussed that when an object rests on a horizontal surface, the normal force supporting it is equal in 
magnitude to its weight. Furthermore, simple friction is always proportional to the normal force. When an object is 
not on a horizontal surface, as with the inclined plane, we must find the force acting on the object that is directed 
perpendicular to the surface; it is a component of the weight. 
We now derive a useful relationship for calculating coefficient of friction on an inclined plane. Notice that the result 
applies only for situations in which the object slides at constant speed down the ramp. 
An object slides down an inclined plane at a constant velocity if the net force on the object is zero. We can use this 
fact to measure the coefficient of kinetic friction between two objects. As shown in Example 6.11, the kinetic friction 
on a slope is 
. The component of the weight down the slope is equal to 
 (see the free-body 
diagram in Figure 6.14). These forces act in opposite directions, so when they have equal magnitude, the 
acceleration is zero. Writing these out, 
Solving for 
 we find that 
Put a coin on a book and tilt it until the coin slides at a constant velocity down the book. You might need to tap the 
book lightly to get the coin to move. Measure the angle of tilt relative to the horizontal and find 
 Note that the 
coin does not start to slide at all until an angle greater than  is attained, since the coefficient of static friction is 
larger than the coefficient of kinetic friction. Think about how this may affect the value for 
 and its uncertainty. 
Atomic-Scale Explanations of Friction 
The simpler aspects of friction dealt with so far are its macroscopic (large-scale) characteristics. Great strides have 
been made in the atomic-scale explanation of friction during the past several decades. Researchers are finding that 
the atomic nature of friction seems to have several fundamental characteristics. These characteristics not only 
explain some of the simpler aspects of friction—they also hold the potential for the development of nearly friction-
free environments that could save hundreds of billions of dollars in energy which is currently being converted 
(unnecessarily) into heat. 
Figure 6.15 illustrates one macroscopic characteristic of friction that is explained by microscopic (small-scale) 
6.2 • Friction
271"
"Blue light of wavelength 480 nanometers is most strongly reflected off a thin film of oil on a glass slide when viewed near normal incidence. Assuming that the index of refraction of the oil is 1.2 and that of the glass is 1.6, what is the minimum thickness of the oil film (other than zero) ?",1,1,BENAR,"wavelength), given its index of refraction is 1.40? 
41 . Calculate the minimum thickness of an oil slick 
on water that appears blue when illuminated by 
white light perpendicular to its surface. Take the 
blue wavelength to be 470 nm and the index of 
refraction of oil to be 1.40. 
42 . Find the minimum thickness of a soap bubble 
that appears red when illuminated by white light 
perpendicular to its surface. Take the 
wavelength to be 680 nm, and assume the same 
index of refraction as water. 
43 . A film of soapy water (
) on top of a 
plastic cutting board has a thickness of 233 nm. 
What color is most strongly reflected if it is 
illuminated perpendicular to its surface? 
44 . What are the three smallest non-zero 
thicknesses of soapy water (
) on 
Plexiglas if it appears green (constructively 
reflecting 520-nm light) when illuminated 
perpendicularly by white light? 
45 . Suppose you have a lens system that is to be 
used primarily for 700-nm red light. What is the 
second thinnest coating of fluorite (magnesium 
fluoride) that would be nonreflective for this 
wavelength? 
46 . (a) As a soap bubble thins it becomes dark, 
because the path length difference becomes 
small compared with the wavelength of light and 
there is a phase shift at the top surface. If it 
becomes dark when the path length difference is 
less than one-fourth the wavelength, what is the 
thickest the bubble can be and appear dark at all 
visible wavelengths? Assume the same index of 
refraction as water. (b) Discuss the fragility of 
the film considering the thickness found. 
47 . To save money on making military aircraft 
invisible to radar, an inventor decides to coat 
them with a nonreflective material having an 
index of refraction of 1.20, which is between 
that of air and the surface of the plane. This, he 
reasons, should be much cheaper than 
designing Stealth bombers. (a) What thickness 
should the coating be to inhibit the reflection of 
4.00-cm wavelength radar? (b) What is 
unreasonable about this result? (c) Which 
assumptions are unreasonable or inconsistent? 
3.5 The Michelson Interferometer 
48 . A Michelson interferometer has two equal arms. 
A mercury light of wavelength 546 nm is used 
for the interferometer and stable fringes are 
found. One of the arms is moved by 
. How 
many fringes will cross the observing field? 
49 . What is the distance moved by the traveling 
mirror of a Michelson interferometer that 
corresponds to 1500 fringes passing by a point 
of the observation screen? Assume that the 
interferometer is illuminated with a 606 nm 
spectral line of krypton-86. 
50 . When the traveling mirror of a Michelson 
interferometer is moved 
, 90 
fringes pass by a point on the observation 
screen. What is the wavelength of the light used? 
51 . In a Michelson interferometer, light of 
wavelength 632.8 nm from a He-Ne laser is 
used. When one of the mirrors is moved by a 
distance D, 8 fringes move past the field of view. 
What is the value of the distance D? 
52 . A chamber 5.0 cm long with flat, parallel windows at 
the ends is placed in one arm of a Michelson 
interferometer (see below). The light used has a 
wavelength of 500 nm in a vacuum. While all the air 
is being pumped out of the chamber, 29 fringes pass 
by a point on the observation screen. What is the 
refractive index of the air? 
Additional Problems 
53 . For 600-nm wavelength light and a slit 
separation of 0.12 mm, what are the angular 
positions of the first and third maxima in the 
double slit interference pattern? 
54 . If the light source in the preceding problem is 
changed, the angular position of the third 
maximum is found to be 
. What is the 
wavelength of light being used now? 
3 • Chapter Review     131

---

outside and the incident angle is 
, what 
must be the minimum index of refraction of the 
material from which the reflector is made? 
51 . You can determine the index of refraction of a 
substance by determining its critical angle. (a) 
What is the index of refraction of a substance 
that has a critical angle of 
 when 
submerged in water? What is the substance, 
based on Table 1.1? (b) What would the critical 
angle be for this substance in air? 
52 . A ray of light, emitted beneath the surface of an 
unknown liquid with air above it, undergoes total 
internal reflection as shown below. What is the index 
of refraction for the liquid and its likely 
identification? 
53 . Light rays fall normally on the vertical surface of 
the glass prism 
 shown below. (a) 
What is the largest value for  such that the ray 
is totally reflected at the slanted face? (b) 
Repeat the calculation of part (a) if the prism is 
immersed in water."
"A heat pump is to extract heat from an outdoor environment at 7°C and heat the environment indoors to 27°C. For each 15,000 J of heat delivered indoors, the smallest amount of work that must be supplied to the heat pump is approximately",1,2,SALAH,"Thus, we can find the work W from the heat delivered 
Solution 
The work needed is obtained from 
Significance 
We note that this work depends not only on the heat delivered to the house but also on the temperatures outside 
and inside. The dependence on the temperature outside makes them impractical to use in areas where the 
temperature is much colder outside than room temperature. 
In terms of energy costs, the heat pump is a very economical means for heating buildings (Figure 4.14). Contrast 
this method with turning electrical energy directly into heat with resistive heating elements. In this case, one unit of 
electrical energy furnishes at most only one unit of heat. Unfortunately, heat pumps have problems that do limit 
their usefulness. They are quite expensive to purchase compared to resistive heating elements, and, as the 
performance coefficient for a Carnot heat pump shows, they become less effective as the outside temperature 
decreases. In fact, below about 
, the heat they furnish is less than the energy used to operate them. 
FIGURE 4.14 A photograph of a heat pump (large box) located outside a house. This heat pump is located in a warm climate area, like the 
southern United States, since it would be far too inefficient located in the northern half of the United States. (credit: modification of work by 
Peter Stevens) 
CHECK YOUR UNDERSTANDING 4.3 
A Carnot engine operates between reservoirs at 
 and 
. (a) What is the efficiency of the engine? (b) If the 
engine does 5.0 J of work per cycle, how much heat per cycle does it absorb from the high-temperature reservoir? 
(c) How much heat per cycle does it exhaust to the cold-temperature reservoir? (d) What temperatures at the cold 
reservoir would give the minimum and maximum efficiency? 
CHECK YOUR UNDERSTANDING 4.4 
A Carnot refrigerator operates between two heat reservoirs whose temperatures are 
 and 
. (a) What is the 
coefficient of performance of the refrigerator? (b) If 200 J of work are done on the working substance per cycle, how 
much heat per cycle is extracted from the cold reservoir? (c) How much heat per cycle is discarded to the hot 
reservoir? 
148
4 • The Second Law of Thermodynamics
Access for free at openstax.org

---

which leads to 
Significance 
As the efficiency rises, the minimum heat discharged falls. This helps our environment and atmosphere by not 
having as much waste heat expelled. 
4.3 Refrigerators and Heat Pumps 
LEARNING OBJECTIVES 
By the end of this section, you will be able to: 
• Describe a refrigerator and a heat pump and list their differences 
• Calculate the performance coefficients of simple refrigerators and heat pumps 
The cycles we used to describe the engine in the preceding section are all reversible, so each sequence of steps can 
just as easily be performed in the opposite direction. In this case, the engine is known as a refrigerator or a heat 
pump, depending on what is the focus: the heat removed from the cold reservoir or the heat dumped to the hot 
reservoir. Either a refrigerator or a heat pump is an engine running in reverse. For a refrigerator, the focus is on 
removing heat from a specific area. For a heat pump, the focus is on dumping heat to a specific area. 
We first consider a refrigerator (Figure 4.6). The purpose of this engine is to remove heat from the cold reservoir, 
which is the space inside the refrigerator for an actual household refrigerator or the space inside a building for an 
air-conditioning unit. 
FIGURE 4.6 A schematic representation of a refrigerator (or a heat pump). The arrow next to work (W) indicates work being put into the 
system. 
A refrigerator (or heat pump) absorbs heat 
 from the cold reservoir at Kelvin temperature 
 and discards heat 
 to the hot reservoir at Kelvin temperature 
 while work W is done on the engine’s working substance, as shown 
by the arrow pointing toward the system in the figure. A household refrigerator removes heat from the food within it 
while exhausting heat to the surrounding air. The required work, for which we pay in our electricity bill, is performed 
by the motor that moves a coolant through the coils. A schematic sketch of a household refrigerator is given in 
Figure 4.7. 
140
4 • The Second Law of Thermodynamics
Access for free at openstax.org"
"The driver of a police car hears an echo of the car’s siren from a wall toward which the car is moving with a speed of 3.5 m/s. If the speed of sound is 350 m/s and the frequency of the siren is 600 Hz, the driver hears the echo at a frequency nearest to which of the following?",2,1,SALAH,"c. Express the answer as an equation: 
d. Do the calculation. Use the expression for  to determine 
 from 
: 
Significance 
The very high speed of the HTV-2 is still only 10-5 times the speed of light. Relativistic effects for the HTV-2 are 
negligible for almost all purposes, but are not zero. 
EXAMPLE 5.2 
What Speeds are Relativistic? 
How fast must a vehicle travel for 1 second of time measured on a passenger’s watch in the vehicle to differ by 1% 
for an observer measuring it from the ground outside? 
Strategy 
Use the time dilation formula to find v/c for the given ratio of times. 
Solution 
a. Identify the known: 
b. Identify the unknown: v/c. 
c. Express the answer as an equation: 
d. Do the calculation: 
Significance 
The result shows that an object must travel at very roughly 10% of the speed of light for its motion to produce 
significant relativistic time dilation effects. 
5.3 • Time Dilation
183

---

galaxy at 0.990c as measured from that galaxy? 
(b) How long will it take the probe to reach the 
other galaxy as measured from Earth? You may 
assume that the velocity of the other galaxy 
remains constant. (c) How long will it then take 
for a radio signal to be beamed back? (All of this 
is possible in principle, but not practical.) 
90 . Suppose a spaceship heading straight toward 
the Earth at 0.750c can shoot a canister at 
0.500c relative to the ship. (a) What is the 
velocity of the canister relative to Earth, if it is 
shot directly at Earth? (b) If it is shot directly 
away from Earth? 
91 . Repeat the preceding problem with the ship 
heading directly away from Earth. 
92 . If a spaceship is approaching the Earth at 
0.100c and a message capsule is sent toward it 
at 0.100c relative to Earth, what is the speed of 
the capsule relative to the ship? 
93 . (a) Suppose the speed of light were only 3000 
m/s. A jet fighter moving toward a target on the 
ground at 800 m/s shoots bullets, each having a 
muzzle velocity of 1000 m/s. What are the 
bullets’ velocity relative to the target? (b) If the 
speed of light was this small, would you observe 
relativistic effects in everyday life? Discuss. 
94 . If a galaxy moving away from the Earth has a 
speed of 1000 km/s and emits 656 nm light 
characteristic of hydrogen (the most common 
element in the universe). (a) What wavelength 
would we observe on Earth? (b) What type of 
electromagnetic radiation is this? (c) Why is the 
speed of Earth in its orbit negligible here? 
95 . A space probe speeding towards the nearest 
star moves at 
 and sends radio 
information at a broadcast frequency of 1.00 
GHz. What frequency is received on Earth? 
96 . Near the center of our galaxy, hydrogen gas is 
moving directly away from us in its orbit about a 
black hole. We receive 1900 nm electromagnetic 
radiation and know that it was 1875 nm when 
emitted by the hydrogen gas. What is the speed 
of the gas? 
97 . (a) Calculate the speed of a 
 particle of 
dust that has the same momentum as a proton 
moving at 0.999c. (b) What does the small 
speed tell us about the mass of a proton 
compared to even a tiny amount of macroscopic 
matter? 
98 . (a) Calculate  for a proton that has a 
momentum of 
 (b) What is its 
speed? Such protons form a rare component of 
cosmic radiation with uncertain origins. 
99 . Show that the relativistic form of Newton’s 
second law is (a) 
 (b) 
Find the force needed to accelerate a mass of 1 
kg by 1 
 when it is traveling at a velocity of 
c/2. 
100 . A positron is an antimatter version of the 
electron, having exactly the same mass. When a 
positron and an electron meet, they annihilate, 
converting all of their mass into energy. (a) Find 
the energy released, assuming negligible kinetic 
energy before the annihilation. (b) If this energy 
is given to a proton in the form of kinetic energy, 
what is its velocity? (c) If this energy is given to 
another electron in the form of kinetic energy, 
what is its velocity? 
101 . What is the kinetic energy in MeV of a π-meson 
that lives 
 as measured in the 
laboratory, and 
 when at rest 
relative to an observer, given that its rest energy 
is 135 MeV? 
102 . Find the kinetic energy in MeV of a neutron with 
a measured life span of 2065 s, given its rest 
energy is 939.6 MeV, and rest life span is 900s. 
103 . (a) Show that 
 This 
means that at large velocities 
 (b) Is 
 when 
 as for the astronaut 
discussed in the twin paradox? 
104 . One cosmic ray neutron has a velocity of 
relative to the Earth. (a) What is the neutron’s 
total energy in MeV? (b) Find its momentum. (c) 
Is 
 in this situation? Discuss in terms of 
the equation given in part (a) of the previous 
problem. 
105 . What is  for a proton having a mass energy of 
938.3 MeV accelerated through an effective 
potential of 1.0 TV (teravolt)? 
106 . (a) What is the effective accelerating potential 
for electrons at the Stanford Linear Accelerator, 
if 
 for them? (b) What is their 
total energy (nearly the same as kinetic in this 
case) in GeV? 
107 . (a) Using data from Potential Energy of a System 
(http://openstax.org/books/university-physics-
5 • Chapter Review     229"
"A particle decays in 2.0 ms in its rest frame. If the same particle moves at v=0.60c in the lab frame, how far will it travel in the lab before decaying?",3,1,SALAH,"and live 
 when at 
rest relative to an observer, how long do they live 
as viewed in the laboratory? 
26 . Suppose a particle called a kaon is created by 
cosmic radiation striking the atmosphere. It 
moves by you at 
 and it lives 
 when at rest relative to an 
observer. How long does it live as you observe 
it? 
27 . A neutral -meson is a particle that can be 
created by accelerator beams. If one such 
particle lives 
 as measured in 
the laboratory, and 
 when at 
rest relative to an observer, what is its velocity 
relative to the laboratory? 
28 . A neutron lives 900 s when at rest relative to an 
observer. How fast is the neutron moving relative 
to an observer who measures its life span to be 
2065 s? 
29 . If relativistic effects are to be less than 1%, then 
 must be less than 1.01. At what relative 
velocity is 
30 . If relativistic effects are to be less than 3%, then 
 must be less than 1.03. At what relative 
velocity is 
5.4 Length Contraction 
31 . A spaceship, 200 m long as seen on board, 
moves by the Earth at 0.970c. What is its length 
as measured by an earthbound observer? 
32 . How fast would a 6.0 m-long sports car have to 
be going past you in order for it to appear only 
5.5 m long? 
33 . (a) How far does the muon in Example 5.3 travel 
according to the earthbound observer? (b) How 
far does it travel as viewed by an observer 
moving with it? Base your calculation on its 
velocity relative to the Earth and the time it lives 
(proper time). (c) Verify that these two distances 
are related through length contraction 
34 . (a) How long would the muon in Example 5.3 
have lived as observed on Earth if its velocity 
was 
 (b) How far would it have traveled 
as observed on Earth? (c) What distance is this in 
the muon’s frame? 
35 . Unreasonable Results A spaceship is heading 
directly toward Earth at a velocity of 0.800c. The 
astronaut on board claims that he can send a 
canister toward the Earth at 1.20c relative to 
Earth. (a) Calculate the velocity the canister 
must have relative to the spaceship. (b) What is 
unreasonable about this result? (c) Which 
assumptions are unreasonable or inconsistent? 
5.5 The Lorentz Transformation 
36 . Describe the following physical occurrences as 
events, that is, in the form (x, y, z, t): (a) A 
postman rings a doorbell of a house precisely at 
noon. (b) At the same time as the doorbell is 
rung, a slice of bread pops out of a toaster that is 
located 10 m from the door in the east direction 
from the door. (c) Ten seconds later, an airplane 
arrives at the airport, which is 10 km from the 
door in the east direction and 2 km to the south. 
37 . Describe what happens to the angle 
 and therefore to the transformed 
axes in Figure 5.17, as the relative velocity v of 
the S and 
 frames of reference approaches c. 
38 . Describe the shape of the world line on a space-
time diagram of (a) an object that remains at rest 
at a specific position along the x-axis; (b) an 
object that moves at constant velocity u in the 
x-direction; (c) an object that begins at rest and 
accelerates at a constant rate of in the positive 
x-direction. 
39 . A man standing still at a train station watches 
two boys throwing a baseball in a moving train. 
Suppose the train is moving east with a constant 
speed of 20 m/s and one of the boys throws the 
ball with a speed of 5 m/s with respect to 
himself toward the other boy, who is 5 m west 
from him. What is the velocity of the ball as 
observed by the man on the station? 
40 . When observed from the sun at a particular 
instant, Earth and Mars appear to move in 
opposite directions with speeds 108,000 km/h 
and 86,871 km/h, respectively. What is the 
speed of Mars at this instant when observed 
from Earth? 
41 . A man is running on a straight road 
perpendicular to a train track and away from the 
track at a speed of 12 m/s. The train is moving 
with a speed of 30 m/s with respect to the track. 
What is the speed of the man with respect to a 
passenger sitting at rest in the train? 
42 . A man is running on a straight road that makes 
 with the train track. The man is running in 
the direction on the road that is away from the 
5 • Chapter Review     225

---

Solution 
a. 
b. 
Significance 
The velocity of the particle gives us direction information, indicating the particle is moving to the left (west) or right 
(east). The speed gives the magnitude of the velocity. By graphing the position, velocity, and speed as functions of 
time, we can understand these concepts visually Figure 3.9. In (a), the graph shows the particle moving in the 
positive direction until t = 0.5 s, when it reverses direction. The reversal of direction can also be seen in (b) at 0.5 s 
where the velocity is zero and then turns negative. At 1.0 s it is back at the origin where it started. The particle’s 
velocity at 1.0 s in (b) is negative, because it is traveling in the negative direction. But in (c), however, its speed is 
positive and remains positive throughout the travel time. We can also interpret velocity as the slope of the position-
versus-time graph. The slope of x(t) is decreasing toward zero, becoming zero at 0.5 s and increasingly negative 
thereafter. This analysis of comparing the graphs of position, velocity, and speed helps catch errors in calculations. 
The graphs must be consistent with each other and help interpret the calculations. 
FIGURE 3.9 (a) Position: x(t) versus time. (b) Velocity: v(t) versus time. The slope of the position graph is the velocity. A rough comparison 
of the slopes of the tangent lines in (a) at 0.25 s, 0.5 s, and 1.0 s with the values for velocity at the corresponding times indicates they are 
the same values. (c) Speed: 
 versus time. Speed is always a positive number. 
CHECK YOUR UNDERSTANDING 3.2 
The position of an object as a function of time is 
. (a) What is the velocity of the object as a 
function of time? (b) Is the velocity ever positive? (c) What are the velocity and speed at t = 1.0 s? 
3.3 Average and Instantaneous Acceleration 
LEARNING OBJECTIVES 
By the end of this section, you will be able to: 
• Calculate the average acceleration between two points in time. 
• Calculate the instantaneous acceleration given the functional form of velocity. 
• Explain the vector nature of instantaneous acceleration and velocity. 
• Explain the difference between average acceleration and instantaneous acceleration. 
• Find instantaneous acceleration at a specified time on a graph of velocity versus time. 
The importance of understanding acceleration spans our day-to-day experience, as well as the vast reaches of outer 
space and the tiny world of subatomic physics. In everyday conversation, to accelerate means to speed up; applying 
the brake pedal causes a vehicle to slow down. We are familiar with the acceleration of our car, for example. The 
greater the acceleration, the greater the change in velocity over a given time. Acceleration is widely seen in 
experimental physics. In linear particle accelerator experiments, for example, subatomic particles are accelerated 
to very high velocities in collision experiments, which tell us information about the structure of the subatomic world 
3.3 • Average and Instantaneous Acceleration
107"
A tube of water is traveling at 1/2 c relative to the lab frame when a beam of light traveling in the same direction as the tube enters it. What is the speed of light in the water relative to the lab frame? (The index of refraction of water is 4/3.),3,3,BENAR,"1.3 Refraction

---

1.3 Refraction"
The rest mass of a particle with total energy 5.0 GeV and momentum 4.9 GeV/c is approximately,3,2,SALAH,"Integrate this by parts to obtain 
When an object is motionless, its speed is 
 and 
so that 
 at rest, as expected. But the expression for relativistic kinetic energy (such as total energy and rest 
energy) does not look much like the classical 
 To show that the expression for 
 reduces to the classical 
expression for kinetic energy at low speeds, we use the binomial expansion to obtain an approximation for 
valid for small : 
​
by neglecting the very small terms in 
 and higher powers of 
 Choosing 
 and 
 leads to the 
conclusion that γ at nonrelativistic speeds, where 
 is small, satisfies 
RELATIVISTIC KINETIC ENERGY 
Relativistic kinetic energy of any particle of mass m is 
5.8 
212
5 • Relativity
Access for free at openstax.org

---

were less than a few percent of c) and see that it is not the same. 
Solution for (a) 
For part (a): 
a. Identify the knowns: 
b. Identify the unknown: 
c. Express the answer as an equation: 
 with 
d. Do the calculation. First calculate 
 Keep extra digits because this is an intermediate calculation: 
Now use this value to calculate the kinetic energy: 
e. Convert units: 
Solution for (b) 
For part (b): 
a. List the knowns: 
b. List the unknown: 
c. Express the answer as an equation: 
d. Do the calculation: 
e. Convert units: 
Significance 
As might be expected, because the velocity is 99.0% of the speed of light, the classical kinetic energy differs 
significantly from the correct relativistic value. Note also that the classical value is much smaller than the relativistic 
value. In fact, 
 in this case. This illustrates how difficult it is to get a mass moving close to the 
speed of light. Much more energy is needed than predicted classically. Ever-increasing amounts of energy are 
needed to get the velocity of a mass a little closer to that of light. An energy of 3 MeV is a very small amount for an 
electron, and it can be achieved with present-day particle accelerators. SLAC, for example, can accelerate electrons 
to over 
Is there any point in getting v a little closer to c than 99.0% or 99.9%? The answer is yes. We learn a great deal by 
doing this. The energy that goes into a high-velocity mass can be converted into any other form, including into 
214
5 • Relativity
Access for free at openstax.org"
